X,Y,Color
-3.108056674040084,9.1329398942174,blue
-7.725703517757781,7.799933864835782,blue
-4.030242013238088,9.62701217630124,blue
-11.802942536153326,7.060507107485001,blue
-1.987428664203199,11.279916316267036,blue
-11.138885360832177,7.297081893900065,blue
-4.979491687470911,8.344887608889438,blue
-5.480910680624765,8.104551989802392,blue
-8.227927514291805,7.706897823568125,blue
6.487277579955666,14.794193599487837,blue
-7.391291677625376,8.354768655065028,blue
-3.11017202585697,10.242330189649993,blue
-0.6161755279657539,15.078813653177916,blue
-9.860675204368858,5.75109667613545,blue
0.36942548575192635,12.214130357287967,blue
-5.488599150673291,8.59229662855666,blue
-0.9499380920913083,13.266090710907351,blue
-8.655476586823474,5.214660249050594,blue
-9.118120829497997,4.033131351438067,blue
-0.16081420147325254,13.378183072251826,blue
-2.9925107848838675,11.062844850182355,blue
-4.444615291375066,9.209165072227359,blue
-2.436955546633313,8.317848990882725,blue
-2.8906693395573533,12.136302714575914,blue
-9.617440940866754,7.1017819357516805,blue
-13.853333917587292,2.9306772615917485,blue
-11.72702604158051,4.2056858092038345,blue
-12.152377004248633,3.658669870075999,blue
-13.874139780125605,6.890178383008405,blue
-7.589723120662392,6.870591989224865,blue
-7.113617283257447,5.410928452029823,blue
-5.156836699314986,7.262263932040108,blue
-4.140096206336996,11.17250574654759,blue
-6.5374352102140145,8.970397690845203,blue
-6.015616312367544,6.58741324235643,blue
-4.706991701584234,6.32472809839985,blue
-8.988815349698706,5.346934982861169,blue
-7.8554251504268535,7.631968895759399,blue
-4.858334615438073,7.751629122161485,blue
-7.711781460490814,6.004675885338882,blue
-7.287524246346041,7.398043073312353,blue
-5.42344926132934,7.135987897276823,blue
0.3433253546870736,8.964221946183036,blue
-3.7253388479354577,6.317356720933308,blue
-6.350381000200146,5.944880555750683,blue
-7.341073112029629,5.884959149209746,blue
-5.459679763159019,8.77320955383296,blue
3.9672711775809333,13.140667705522365,blue
-17.58966608617592,0.530676676341308,blue
-2.8594564268795346,11.759861804155012,blue
-4.070038242464951,6.536588542215349,blue
-1.5295521964708678,12.155153680402561,blue
-9.592850856985088,3.8679738346994106,blue
3.457376965822043,12.060508694648453,blue
-0.996228957241982,12.156733968756193,blue
-5.205659981144467,10.127204021051202,blue
-4.360849207706563,7.108765508797713,blue
-7.865054345299841,7.211106512347266,blue
-4.7979086938985205,6.349135981569129,blue
-5.57334965819582,7.80070644111039,blue
-1.2256984379167668,11.230311525862126,blue
-3.569423098122798,8.110708951664993,blue
-5.333796811297789,11.295205545363352,blue
-2.288775588324721,10.847464032264547,blue
-2.7757585042631754,10.977467404934398,blue
-4.109122156590028,7.814685421774623,blue
-11.115941917948167,5.178418102524624,blue
-0.8831552978048638,11.160170104525644,blue
-9.665035037818278,7.903001692015075,blue
-9.038246609237618,7.897201635929518,blue
-5.421071954790629,7.479298172071605,blue
-2.951911367465132,7.845705469127948,blue
0.6309110548821684,8.946684717153005,blue
-11.750785324188268,9.403694456884319,blue
0.8849359705386721,13.713581872378244,blue
1.5458516297729652,14.682326770400707,blue
-6.845579744875655,7.282752350970982,blue
-5.805449080625997,12.152173883805741,blue
-7.287266921129495,8.38492046475805,blue
-7.41319645896796,7.76933988657314,blue
-10.357556884389012,4.769920517208373,blue
-11.758611681415346,2.2971908902353344,blue
-5.797309357096535,9.467176175133606,blue
-3.9689096581397676,9.164983784464383,blue
2.31528286029953,12.150378494677284,blue
-9.004006180056955,3.800166612406837,blue
-13.366764853384057,0.3122389385477513,blue
-4.4137611763494675,6.573416595739747,blue
-6.865404407494492,9.340801796428966,blue
-3.575107970771568,13.020321610035419,blue
-6.5915189323010015,6.399484288680563,blue
-10.036894062436943,5.322723116573041,blue
-7.755514769781471,3.982153785042589,blue
-1.7894781990103343,8.081591712991049,blue
-3.910435837405783,9.684311632519794,blue
-8.876705994608965,5.0152010234192055,blue
-1.5121275120764586,10.447989540845787,blue
-10.785437771185645,8.072300444704092,blue
-7.145925055650119,7.051821842206845,blue
-4.2083179347430715,6.57586164576184,blue
-10.462559255701496,9.096142881970206,blue
-9.777777531354182,7.324996797033503,blue
-4.936261829401682,8.942078008217798,blue
-5.320173849466094,8.97168323501825,blue
-6.003210852623784,7.563658263263352,blue
-7.260571575954428,8.752661634267938,blue
-9.41068775845158,3.513743180844479,blue
-8.129129763208752,6.893587711555742,blue
7.166744825488593,12.215655298084677,blue
-7.504324884183085,7.106527028653549,blue
1.0236036514477593,12.79591486155137,blue
-7.349344348100196,6.981862069940098,blue
0.46341165620024416,14.744468265012285,blue
-0.07182050464988521,10.903025457904244,blue
-3.1964430660845964,8.020382624025276,blue
-7.565639270882453,7.8634300657813165,blue
-10.510384133323175,6.228741793754616,blue
-1.1370146082976484,11.109513430734307,blue
-10.136013839219745,6.043515519733221,blue
-10.09828840169589,5.769567403740221,blue
1.0913670488176477,13.438896836071011,blue
0.8475297249841818,8.181784257743065,blue
-4.849376147201357,10.089809194244173,blue
-5.9847887973457095,6.869512410908063,blue
-7.6571902947587756,6.969047813766317,blue
-3.5946578482899985,7.439261546744951,blue
-6.936125729037589,10.072890097461224,blue
-11.052349039578658,1.357988438111831,blue
-8.054121949015471,4.517480912277965,blue
-4.003187161797057,8.15652113832412,blue
-11.35923443022777,6.692503110236518,blue
-8.918103689325182,3.902083889704329,blue
-4.508953484973979,9.792096616100078,blue
1.7571683751210907,14.054089835716555,blue
-4.289000539125954,7.058864444148991,blue
-4.871975917824684,3.4468693619823383,blue
2.7328622574529433,13.873448818621362,blue
-9.248378845725604,6.035752572005606,blue
-7.9305163956348546,6.849963891551006,blue
-1.629034427414823,12.335391266662258,blue
-0.6930400500762071,12.170186399952556,blue
-3.1692378478947467,8.279373337570698,blue
-15.477973290042758,3.563418075755191,blue
-2.043814630646757,8.212803643593887,blue
-2.329995768948528,10.728964591412105,blue
-4.814389455659191,8.448695694952107,blue
-2.3356896139937158,10.850655793137271,blue
0.6317939350953097,10.03095714674335,blue
-4.7954032546483045,9.042913663565667,blue
-8.743899443479533,7.292977676426925,blue
-12.356437230422584,5.958084255670463,blue
-4.74488508607425,8.79348178727049,blue
-7.8558723897883596,3.014500808231846,blue
-7.247538652508874,8.39085993108364,blue
-9.52987540240624,3.861735789401492,blue
-3.9028359879784755,11.091134086934979,blue
-2.0563515569888127,9.933617419001756,blue
-3.2627250035973447,9.36340710205971,blue
-9.480164418216155,4.960017196667659,blue
-1.4436215594942543,13.78629238309627,blue
-3.7419722186728825,7.573769948772737,blue
-14.952017856194555,6.303351225802854,blue
-2.6163655580063705,12.975662203164866,blue
-13.143448145160832,10.761389592540576,blue
-9.553126610858996,8.99134778761167,blue
-0.7694308544134962,10.460652000554276,blue
-2.388925838650185,7.981884412256885,blue
-7.577867405836622,5.781825717789152,blue
-8.533848363842111,3.8110206589654765,blue
-3.617230507039112,12.001080172005384,blue
-12.187309839753844,5.663353660692044,blue
-3.3571615234787506,7.1943770229338675,blue
-6.167293795386639,9.515069886972327,blue
-2.063409405556166,10.258979733580615,blue
-5.501982660374682,10.41740522443529,blue
-9.354069659817432,7.153813594464268,blue
-4.191076301407571,6.833364039919024,blue
-6.399337603535806,8.245588884391418,blue
-10.685107594016095,7.603116929334856,blue
-9.65435334408485,6.512316737239468,blue
-9.02670514994988,6.816566721827608,blue
-4.799912960701493,6.234842188968155,blue
-1.9382794589308268,8.869941791951122,blue
-5.1140595101653545,8.67884708771658,blue
-9.822582400351614,7.813473447089133,blue
-6.526179368578632,6.690521213986613,blue
-2.7326254477525516,9.005319059972065,blue
-0.6906530178306705,15.054334731420308,blue
-8.76143489387707,4.800469108437091,blue
-3.8655715127453565,8.705608566062248,blue
-6.561281922340666,5.890546575393733,blue
-13.616497762774044,4.282024455434311,blue
-10.178734994059742,7.637153796940872,blue
-7.264882778376936,9.111368706177995,blue
-7.070836839444521,8.369579240047782,blue
-6.583513230533116,10.323216390833373,blue
-7.414780980093828,7.3584057687342135,blue
-3.530428435511329,10.62965718860875,blue
-8.836047257722448,4.652809508196366,blue
-11.381186889946134,7.432845685859207,blue
-2.969909278515167,8.340628770376064,blue
-7.473482080475236,9.911734193384452,blue
-1.8368280486679045,8.055598343764967,blue
-8.337620134674857,7.521321021243477,blue
0.23787982059052837,11.777050957135854,blue
-9.954968323619305,6.674889260073121,blue
-9.810949953953243,5.8503770914880615,blue
-2.2154135981949947,13.084415822618258,blue
2.115937648690048,12.915214249966219,blue
-8.185269124970816,4.656393654488581,blue
1.279356851853227,10.654805504820938,blue
1.0866540478250375,14.079519868652241,blue
-1.8403376151831798,8.331783499858808,blue
-5.8688835793616665,11.784119228883629,blue
-13.736239397164782,3.4419308554701553,blue
-11.269073632641629,1.7397712710607598,blue
-8.238681043861176,8.713666346750543,blue
-2.9980195715253024,7.723710185378222,blue
-5.774039413038314,0.691621392530021,blue
-7.656812799972808,7.235359621826874,blue
-4.6658926177300195,6.087936002964593,blue
-11.633701135525454,5.562267618571194,blue
-3.4795456568163123,10.647193798346102,blue
-8.826692127629544,8.190555528114702,blue
0.07943596128409514,10.58026326799207,blue
-4.3979224996477875,5.592712887792606,blue
-8.060525441025948,9.553322510264675,blue
-7.148081421009678,7.605675392593348,blue
-11.445179600905318,5.36443397886008,blue
-4.340044611500687,5.712501725041768,blue
-9.043104875060205,5.048120128708107,blue
-5.461597477520948,8.531767190967438,blue
-0.4398452768601926,10.330433150578209,blue
-3.647990222355052,9.466662255148364,blue
-3.097942152720817,7.421544369318832,blue
5.556184322657019,10.311853273706607,blue
-2.2355697066012192,10.502868949135467,blue
-0.5550577320197236,10.379618234388673,blue
-6.030737271352346,10.132733643981814,blue
-9.783805142091058,8.782176424231915,blue
-4.101811888745269,8.606643771349217,blue
-9.65386761186415,5.418339929551684,blue
-17.063661706806304,5.042966380026907,blue
-2.6241222665610295,11.502573920101613,blue
-3.674427924092851,7.368883854125706,blue
-9.291259051485453,10.08534891221052,blue
0.15779432038138008,11.61547259903859,blue
-5.342085532144228,8.006655110555325,blue
-6.9064951688528,4.893537605754183,blue
-8.854858125184125,5.839094627579147,blue
-0.3840677804841164,11.939961833786263,blue
-6.779464211047894,8.354123616562804,blue
-7.038576087401044,10.330293704938843,blue
-6.899972979089927,9.518541983676041,blue
-8.16571225600575,4.967508573345599,blue
-11.772474397620279,4.691851629626158,blue
-7.9646516974328065,6.304625875779018,blue
-8.550605884397138,5.256807889762735,blue
-2.222461502457968,8.420795153018723,blue
-10.271132175817625,3.9725203149771753,blue
-2.2697785856599353,7.940331543674696,blue
-7.091930480996476,7.249943607176769,blue
-8.273672341568187,7.533025146310909,blue
-5.7091985824887725,10.573811061029994,blue
-4.869991667139629,6.84035436099467,blue
-4.5949139290240115,7.595292449305691,blue
-2.6961549338939514,3.3418951497079084,blue
-4.158492198761525,8.53444820760597,blue
-11.225257480591349,5.736966211823415,blue
-7.773261010774778,5.980610810054644,blue
1.4984363194730692,11.795764622537455,blue
-5.482662149312425,6.582873729736945,blue
-14.394326945295703,2.2170320285964946,blue
-4.330970933369792,5.9305445007966675,blue
1.799858804925993,9.646700626261602,blue
-0.3244047526727796,7.059338061714211,blue
-4.778648400517831,10.914105556360461,blue
-4.128476883013402,10.550091563875068,blue
-2.4177009758913,9.881682049136609,blue
-5.633044320294492,7.874691800797541,blue
-6.955284029087946,10.502257207616102,blue
1.5284891106335055,12.803423745765242,blue
-6.604901948725164,6.278562314404866,blue
-0.9625603144067236,10.635293634345743,blue
-11.310073402135743,6.0153413388392245,blue
-8.153293191993363,7.491869532685102,blue
-9.625789950090374,6.812591135638143,blue
-3.357818856242635,5.967589367006676,blue
-7.532849119071841,5.660353046492997,blue
-7.603433613355596,3.1860699811163826,blue
-8.700235273114343,7.276047730414326,blue
-4.427345817492558,7.969427508071071,blue
-1.0979516451150624,7.890400739070535,blue
-7.3990204442539325,11.70469628215798,blue
-2.5716037525444735,12.296916047024276,blue
-5.074412642949661,7.482311879479596,blue
-7.486238407669123,8.927685924511824,blue
-3.6135583972336955,7.971808481979323,blue
0.3499654726242314,13.107671622142078,blue
-15.419985646104092,4.920188801968874,blue
-2.2190092232212124,8.918264609546409,blue
2.0634855986843057,13.251992417257913,blue
-5.693267032326306,11.818044278729783,blue
-1.9462571630049643,12.115665845076355,blue
-1.0922517486549563,8.18483796471164,blue
-2.9295749554822055,10.487047347040825,blue
-4.003316178497451,10.699828887283582,blue
0.21781146217221448,11.729323731435727,blue
-0.5338257128782233,13.156826431220665,blue
-4.255377339236148,7.694392668127848,blue
-2.3480639712681852,5.348806055585414,blue
-8.619634925320888,9.983266618256417,blue
-5.63575477929273,6.159300434110209,blue
-4.472538849850155,8.755346507139592,blue
-5.175407167812985,5.532335141080965,blue
-7.665422377809758,9.059875754117677,blue
0.06119257154108659,9.133394845720657,blue
-3.5974929724433666,9.694436707017122,blue
-2.0493140634488474,10.211627663703824,blue
-10.200605791632633,9.087861334097592,blue
-7.045454422246572,11.557005612119776,blue
-7.771357696665366,8.91187054651118,blue
-5.7340663461211,10.451081620733758,blue
1.729509184454475,12.617228479635768,blue
5.133294851109827,14.247949407081494,blue
-4.196153788050798,7.3915723701672835,blue
-3.4940841844528383,10.556322887543779,blue
-5.773350157419912,4.236666004881943,blue
-7.145492434163723,9.331945505423432,blue
-1.4385390833796396,10.649267081275552,blue
-6.623082464362393,7.782301279045077,blue
-9.149756046704999,8.870545447476294,blue
-2.443807789257578,6.160767889660873,blue
-0.7209467506595431,12.913162372057313,orange
3.838859828738519,18.074309554884962,orange
1.1413071238835748,11.308980081757754,orange
3.92128214513105,15.27413952894224,orange
1.4145156149966314,13.7043599904983,orange
-1.3771928375604174,5.020415224784683,orange
3.424402038643594,13.73448323269653,orange
2.7213902009311104,14.200973266446246,orange
3.740326168674665,15.581290623448314,orange
3.6795810729970118,15.462659047465184,orange
8.208350221727622,17.542779111075976,orange
-0.7912157039278376,11.013227874614865,orange
0.30978596563740934,12.282224501139003,orange
6.450228357973756,18.682317759280654,orange
-0.46138421825703757,8.231581518253593,orange
2.4267924321884045,10.787876080586232,orange
5.4602089202883075,16.2039473883251,orange
3.2952159602703874,14.717619055433932,orange
3.569548787220243,12.007896676936785,orange
1.9160516611938767,11.323857534661357,orange
-3.3535589729574085,6.966578953269549,orange
4.287358166971571,15.935873557755398,orange
4.68338228193552,13.779315599213852,orange
3.401071358394346,9.944144136157387,orange
0.8218976714631661,10.31449191728963,orange
2.754246892688096,9.59007239438504,orange
4.2778879230868405,11.894601486515086,orange
0.9846788388837908,12.469330806332207,orange
0.5825589537666804,11.160204173592001,orange
-1.1762568039448151,6.053073433270033,orange
3.459312695646356,13.504322263632615,orange
-1.6405785695124813,7.795270454977706,orange
0.6231071389807732,11.465264123974876,orange
6.134270115762274,19.468500864360607,orange
-4.0820607235368325,5.819387652852778,orange
-0.3087578480952091,4.882300196127775,orange
4.821991376677506,16.383907701244727,orange
1.2417773954239268,10.730394600755353,orange
5.619262238285346,16.314417284221452,orange
-1.5205612024266388,7.957793964354127,orange
-0.7280740057865192,8.531471923331129,orange
5.475108441665968,15.601754366016284,orange
-0.9767674399651645,10.766005174788084,orange
2.155944612091358,14.645042579230552,orange
1.2351656502798687,14.305103115528732,orange
6.168879568419729,19.208738824285494,orange
-1.2953869410929189,10.050836061990722,orange
2.307725485095231,13.583904974797042,orange
4.690328051027185,13.119595131827374,orange
5.948921394722758,19.2476672921503,orange
2.5658305462237303,12.45200427665201,orange
4.570521811079161,15.226759089119803,orange
0.22311186864716426,7.21903367856716,orange
8.033364264779395,18.561256326920564,orange
3.6973748072094743,20.611928263215532,orange
4.681549926224513,14.876736209224122,orange
7.7619227642996265,20.93590878812813,orange
3.1825690795152823,16.165280148803504,orange
2.4642361083156707,13.980834690212168,orange
4.594762940339707,14.48065728969894,orange
6.444109741641431,17.48725884076829,orange
-1.8947959822972842,8.6858184872806,orange
-2.805743072607516,5.886715440667912,orange
4.219296541656924,12.47667617412526,orange
1.71916648244905,9.998179629084305,orange
2.383923850293102,16.055889590503813,orange
8.395508415971474,21.574197619416143,orange
1.6889052605546837,13.495854102540168,orange
1.9826009037624008,14.328788684285847,orange
6.00803902182121,17.840739012982418,orange
-0.2558797277623177,7.815666391232775,orange
2.6934221715188515,17.86036213113073,orange
1.6001327864879562,11.303262636255305,orange
2.7101412046257076,13.932340205440852,orange
2.887766123141656,13.92358565024681,orange
-1.4404479480612506,10.971989306037946,orange
0.7293334099062427,10.626621447996264,orange
0.2648386205896833,7.457578377151924,orange
-1.9906239894801172,4.69325307066846,orange
3.2909126405665203,12.089875664533512,orange
0.0429971892182377,11.911989530304494,orange
-1.5308905192886395,10.924211559301009,orange
-2.8783757966686148,6.310149809891094,orange
0.4607394942878047,9.855354109556126,orange
-1.6231341312559193,9.60732920106594,orange
3.076412217998549,14.099732596916994,orange
4.788789606830985,14.534441514978319,orange
0.4510580540176128,8.600843675995828,orange
-0.30307726664998746,10.06141559305183,orange
0.5859879911572907,12.973529263252235,orange
3.988629156458786,17.154599240988272,orange
-0.28534697177835033,11.358668799495714,orange
3.611190072027137,13.417405604768758,orange
-0.006530256409162938,12.565458476234095,orange
-5.3132465788030006,-0.35431643056543827,orange
6.866262170137258,18.761045366736226,orange
4.4906537110575115,16.99617505002747,orange
1.2750925756561626,9.853750461767419,orange
2.4037196841760973,10.261313235439136,orange
2.5066933059188137,16.23990838002005,orange
7.01006609266248,17.988156554949818,orange
1.001038206073251,10.878327892597174,orange
2.8698901893891593,16.512330459429123,orange
1.266070503799156,12.826532250846007,orange
0.22852904108422667,8.163581449671524,orange
3.463631803770217,14.707573941765533,orange
3.516014430573531,14.305559312866505,orange
0.5208206313604973,12.983002568317985,orange
9.323247971954506,24.23499545405909,orange
-6.470668863295945,-0.8685120687707872,orange
6.545421782960699,16.62209937611301,orange
-1.3717281468946245,11.73572756353506,orange
-0.22186188746073343,10.027560582936388,orange
4.0404991740460865,15.064874071828353,orange
4.980975868067977,14.847492879115418,orange
6.305396302152472,18.781351435423225,orange
-2.1128191542844768,6.430567672903763,orange
8.523624049172371,20.559019507042628,orange
-0.8211580130062655,9.228002820035035,orange
3.2854451948572043,12.829129710312044,orange
6.268374390561842,14.923641656845469,orange
2.4870429228699678,10.03234307279436,orange
2.1082831959793293,11.214045738917086,orange
4.918139853771501,14.755959594182976,orange
2.388351658951909,13.794438030523736,orange
-1.080104379630292,8.84337388090732,orange
5.753350853667559,17.218591278787873,orange
5.788371948372095,15.03123556856372,orange
4.301971785485263,14.188905928597464,orange
3.717810520335734,13.128915734940689,orange
5.99474436505098,14.862422529698385,orange
5.606181851392868,14.099361920978929,orange
6.271031205812541,21.283993651031434,orange
3.816495884327694,14.778643682212326,orange
-3.267413548438901,8.048132269664322,orange
4.749188201058416,15.953958946259073,orange
4.621182394244421,13.624344536024001,orange
5.298734445891362,19.065242335564804,orange
7.156405390498532,19.5449555351583,orange
-1.6062368672330902,7.898691025523479,orange
-6.384677522682388,-0.009070816404933346,orange
5.579623440712288,16.69044170549881,orange
4.67602060030552,17.153323569466533,orange
2.6365463893828944,15.386178683284491,orange
-1.2062981974105202,8.928955396381696,orange
7.831959480102803,18.898141365906408,orange
1.4177466876464095,10.885728463520724,orange
8.903139259967396,21.497433014638148,orange
3.54480690236453,12.38966676341049,orange
5.898014899984271,17.02643481462514,orange
-5.463980404739175,-0.937332010459949,orange
4.185545235953745,17.841749892291983,orange
0.15033503862046826,11.87402986522407,orange
-1.657573814120589,7.447132633732534,orange
1.3148254252288547,10.278442904753318,orange
10.90594758485738,24.19254513316671,orange
0.49527372831193484,10.077330514242105,orange
-3.105761404142509,4.916437647469319,orange
5.80956910178438,15.892606997455367,orange
-0.42355124267471433,8.531256712403527,orange
2.0100926165934787,9.958301942794535,orange
7.34354337689652,20.50082597741352,orange
5.54365806185101,12.71317423200966,orange
4.414588427208661,15.226791959263975,orange
5.7170478448910345,16.289933160323834,orange
2.0979084720548924,8.795007692923111,orange
-1.5327044565016124,8.992031564594441,orange
1.8493818458399212,7.973339076177309,orange
0.8271290278376611,9.333277880414494,orange
2.207046786106203,10.651210804165185,orange
1.9276441965887787,11.390442292469707,orange
3.696380302142283,13.298044041770844,orange
5.1326926758786495,17.92552755675391,orange
0.41824603310642594,10.104486436777655,orange
1.2829984776430066,11.007502012681535,orange
3.1098730578373033,13.445325603876292,orange
5.8355413073774995,17.291656888568575,orange
1.1021942794630877,9.74335834151496,orange
-3.8968502705501322,6.416960882747692,orange
5.115101109841646,16.28647624123392,orange
-1.8509986627000168,8.352233905673302,orange
0.9179826363881727,10.863731447479841,orange
0.6528991452184658,10.539249940372526,orange
3.9872751622205986,14.595953114075664,orange
-3.360679933645522,4.434627320048558,orange
6.2360886325510965,17.697257493587617,orange
0.9565696540238557,12.793276583099457,orange
5.844495890575331,15.796631794033608,orange
1.3484977330654884,11.402385245917094,orange
11.123952903955365,24.51513712771118,orange
2.773348669470393,12.710443641292967,orange
1.3700011893196615,10.77349065785432,orange
0.20854821830298365,10.412473547740023,orange
-5.162672983393126,4.075663417879664,orange
7.507714136492891,21.8860249505544,orange
-2.0689875460370173,7.639169277501001,orange
3.010014464410407,15.309747052430376,orange
4.951767754296549,15.697049600958628,orange
4.6082793014986985,17.49190654632954,orange
2.2114484278532154,15.070965870535534,orange
0.1775305415055044,12.702109790061215,orange
4.188249195060241,12.247580096277481,orange
2.044155471625163,12.289559054507606,orange
-2.572668385208039,4.514309334727102,orange
-0.724834652436638,9.135453268786362,orange
4.221814188880634,14.899133684120994,orange
5.086410488139796,13.86047978806711,orange
-5.268617502536913,1.1321712206924675,orange
3.186755093376444,12.156528806293462,orange
1.4705206655392378,11.345875778524228,orange
5.073089439957215,16.554198083473253,orange
2.495447323353296,15.383682966022025,orange
1.5154303617814,15.344527415297252,orange
5.138799598530433,14.005038682541514,orange
5.6850493185696465,17.03018457179071,orange
5.860366982986825,16.34606495911138,orange
2.3491284347401,12.254874761976943,orange
3.8835496735671384,11.58364173801047,orange
7.786546966069384,20.090400357184038,orange
2.028878041751485,12.818153953883613,orange
0.09988910567996934,8.425351598775668,orange
3.761640102949344,14.480037114011642,orange
-0.48176128086419645,7.2628845062415985,orange
5.2899712845919,10.544351180308826,orange
-0.1419891789635095,7.788496324612502,orange
1.4296756776904966,10.600966695442292,orange
5.928615934813177,14.512167699557734,orange
-0.3621967327694393,9.321503561868447,orange
1.427792626105403,15.191915319345354,orange
3.684370140320437,14.254234075462902,orange
3.5337445470482995,13.481478757273667,orange
-1.9458666328090448,4.757444234276852,orange
5.287159596486041,15.811549533757109,orange
1.9108920988757288,11.778379705228424,orange
2.8518303277315864,15.322325740754499,orange
4.598305860651211,14.142935167850698,orange
4.905982455184403,14.005002890109697,orange
3.1857524278915568,12.145948644121493,orange
5.109076083145364,18.910488533087424,orange
3.1311694993904444,15.992430877547402,orange
-1.5391035364556203,6.939017372306076,orange
-1.6444121335034643,13.984675963513151,orange
-0.4581767058754682,7.323091972617784,orange
-0.809313021196842,7.153874496109147,orange
1.140998487531359,12.620234411921087,orange
-4.782404827330817,3.230435935479047,orange
2.3895567673038998,10.677332502720253,orange
4.318763809305021,12.408295854568838,orange
4.388351769655505,14.752883531283416,orange
2.1425872282397744,11.908274440081346,orange
-1.3376235041510984,7.748405496335461,orange
8.636847053353835,17.686600943831724,orange
-0.19441503682696748,11.52106180738564,orange
0.6059813576327739,8.554033678015363,orange
2.2177809786105316,13.664646491072414,orange
-2.528664748343177,10.137381955068358,orange
-2.0445736650116686,4.549347044969302,orange
2.1537617019534228,11.19206830117538,orange
5.378829438597773,16.00306262734097,orange
0.8530875006910135,11.40932598383553,orange
3.4281288134651087,13.423946149526124,orange
3.730989525151781,11.72605597381716,orange
2.9031063838812243,13.915633954626351,orange
-0.6444008810307533,8.314419993300083,orange
5.281829393259848,18.19877526255167,orange
1.452600144834459,10.185354829961973,orange
-0.9763577328259849,6.1938083978020915,orange
-1.249162206234875,6.223154906936029,orange
5.12456548009261,14.581426850471438,orange
2.4316241868562862,13.13399624300795,orange
0.027618190416163646,11.184145955441092,orange
5.211916252386617,13.34962295230441,orange
4.439572410124539,15.610762027898767,orange
2.1664758461181313,9.408082130366124,orange
-1.5661743341172203,13.975444003977778,orange
1.753986966538999,12.177182562908467,orange
3.031443483408879,13.270544962800898,orange
-0.8570145143931356,7.52827218058299,orange
9.822480130096515,23.29640243598414,orange
1.7967440752053143,14.869004983158714,orange
-1.1126889598019818,7.773454239189081,orange
-2.7261355580090108,6.727413333505428,orange
5.409645737846298,16.39404557247569,orange
1.7490691907525553,12.958175204916657,orange
2.040475329173982,10.690759205238349,orange
-0.08938755058752168,10.480381127318262,orange
4.1941415756234495,14.446340983292245,orange
3.1451563009679475,17.081412363910452,orange
-1.2152546196200964,6.072811015831959,orange
0.7001060011177023,10.584406342261557,orange
-1.9198508147541276,8.408007611711596,orange
3.396874870870133,16.108636336487546,orange
1.968883008201975,13.489449357703005,orange
4.85951170296317,15.220241700469455,orange
3.7854081580102257,14.844621964097264,orange
4.541306179748109,17.220418838884743,orange
-3.4042009003954696,2.7946242002331205,orange
-0.1626158283288377,11.629644939097796,orange
-1.4633497501214565,6.922855692483601,orange
-2.390258902065078,9.12846049261219,orange
-0.5422731190018126,13.085759259269434,orange
5.158139468144078,14.99777705823031,orange
4.486271422341687,14.636416305544222,orange
6.5425567062546595,18.15975028740229,orange
3.707871133131615,13.939982312404567,orange
3.6377110188136665,16.87324945000696,orange
1.026815834467373,13.552601425384374,orange
1.0686327118223327,9.082041843877938,orange
0.9298411158779161,8.684266085731256,orange
-0.5123055029843666,9.126133465947381,orange
-2.0047740488409005,6.263161666169848,orange
2.3654860244110383,14.318968568847906,orange
6.05820004844751,19.85692311569381,orange
-1.1369624688129925,8.180044686958155,orange
-1.7264808180678584,5.5989303170939415,orange
5.095784317850819,14.754996154635695,orange
1.549700889866833,12.412152373697815,orange
-3.121516367893026,6.381348699902675,orange
1.350690422003197,11.208514603204078,orange
-5.286701447334752,2.6912212655909657,orange
2.742178286896041,14.891389685594529,orange
0.6930791874558944,10.655505700605074,orange
-1.9075739114780066,8.534489386474409,orange
2.472157728542412,15.553556962047015,orange
0.4757828926948173,7.608004420008403,orange
6.223112384918795,17.89297745198003,orange
-0.10052311368420863,9.092037649501192,orange
3.4309331787745387,12.994069164367083,orange
-0.962171426493394,9.34596875875813,orange
3.1948228768926676,12.133028843988175,orange
4.188766270998918,13.262628747283548,orange
4.574152822042919,21.021001283748326,orange
4.998920550540115,19.60169090538293,orange
-1.669696200907338,9.954858284741338,orange
-6.105104917334248,6.8627623150702926,green
-4.848604078022479,-0.9924972011690656,green
-5.931928933027246,-0.2869356830359253,green
-4.078038772100811,1.0969476264609153,green
-2.7087016778581443,4.1415758733671115,green
-1.3682047308396128,1.376038408634445,green
-7.300504170112442,3.7994285450895067,green
-0.22144224988569805,0.5906754070412221,green
-2.651078846673153,2.948412979660764,green
-0.20994308083529756,0.7264304539040904,green
-3.5390954030806805,-0.9232690788857303,green
-1.0961096359700981,0.8552705309830921,green
-7.74774521963718,3.534260598395793,green
-1.4159558879317946,2.5429883656327754,green
-5.520724675619906,3.8528260420480107,green
-5.333070002783475,2.625796233241837,green
-3.259183493349568,-0.3986701767801071,green
-4.086384014959927,2.5371036974806644,green
-11.238776280223462,3.096030705035341,green
0.8634032251676507,5.323974179098922,green
-5.0835095324417665,4.722215010159374,green
-3.7946201253295433,3.2838283205436314,green
-3.921077825711748,1.8416508017716418,green
-5.123244836501866,4.9486718075226035,green
-3.972833372703513,-0.27561642384929863,green
-2.9760878877270684,0.771597722302594,green
-4.365696466040329,0.2538285333914003,green
-7.117805321376844,2.3477522750868,green
-5.3464286548013344,4.618193682846932,green
0.3174693432803233,0.6785461388723499,green
-2.9537812432883572,7.247812839677079,green
-4.253639529375111,1.0527665831221662,green
0.6239597918345328,6.466463699836037,green
-5.168646795707193,1.6290316238889289,green
2.0585775335811247,4.022042589799915,green
-1.7884505728318805,0.5944059857624375,green
-3.784810140549297,2.651535823371872,green
-5.962154676438685,1.5234869012114296,green
-5.605860383793187,5.319380768279516,green
-5.718540168495274,0.7409187866855724,green
0.33411951870076884,4.397737996682964,green
2.5876604016100364,6.519724803875409,green
-0.48810497571952816,2.6676904850175864,green
-4.205560272474468,1.9997463083452929,green
-2.349143844254363,3.9365540538371007,green
-9.11614980350579,-2.362869099671416,green
-6.462110931043057,2.7956965149134065,green
-4.354211030092885,3.619338633396537,green
2.4130680049075988,2.7427653046099025,green
-2.201779727780154,0.4031537461123649,green
-0.05667823374078873,3.2379099715213653,green
-1.1896966228496897,4.2886781060194625,green
-5.74087162994223,4.499090151249893,green
-3.0573179987725996,1.9289324127720668,green
-5.409992848219238,2.397330640720154,green
-7.4924284620551544,1.984047454786948,green
-2.588895320070325,0.1915638571671039,green
-2.60786368275841,1.2671803552109455,green
-1.8840637698159701,0.7925285346067019,green
-1.4305659022296338,2.536720667262611,green
-5.8533936323108335,3.0562997383184363,green
-6.5222187183773235,7.672906385614997,green
-4.157319025289996,4.515586761607016,green
-3.9729058711375025,3.8555834906904605,green
0.29220102398084524,1.757439905904957,green
-2.831908591627961,6.33979081667478,green
-5.495294714928859,6.023819821891031,green
-1.8735395482253066,2.686768175309287,green
-2.3841181467373818,1.7843810415137717,green
-5.688901935807115,2.533107459620571,green
0.5043626660285954,2.553318138134419,green
-8.68390214573066,-0.2574369964588339,green
-3.575813888307084,2.4945004465009046,green
-0.7205608766706053,2.0840474037257293,green
-3.965920207195027,4.648571418285711,green
-2.720371175077893,3.300202780353963,green
-9.337269500670203,2.289370504752554,green
-3.4446241315008295,5.127699019285022,green
-2.208179819909966,4.13266338387146,green
-6.169511920774391,2.9445123061384813,green
-2.9202055755885175,1.6562991259232105,green
-4.273954987134291,1.002889460339436,green
-3.5678131351817655,4.189691634120219,green
-2.2457739802055743,3.599461296332838,green
-3.730926248119423,2.4743448351099753,green
-1.7084990412195369,3.5569172292684392,green
-4.2892023525427385,0.2475940561767036,green
1.1985484282722858,5.2181346578896,green
-2.073124729062138,3.746617655119623,green
-6.975290228571961,5.738542553539551,green
-5.637934419437338,0.9188726591514844,green
-1.2255139911407635,3.4050434394645324,green
1.1584251774008498,1.7006374934882578,green
-4.769595295958487,5.351907744707006,green
-2.809676499740482,7.828133100357027,green
-5.437720648188114,2.8989181287808607,green
1.5512606769941106,3.668799234898949,green
-2.1607735785249984,5.712316080224825,green
-3.949793228524614,0.8320740807869718,green
0.7704370631867903,3.0734940914224422,green
-10.803008917608517,2.1149098566637368,green
-2.0184686823297247,3.0554972709120096,green
-7.2153310151572505,0.6213047836536867,green
-2.467484240461377,0.029894478653086143,green
-4.94179270861455,0.3490343713854349,green
-6.575925173309758,3.3668597693422524,green
-3.6762756351659887,3.154083085941963,green
-4.548613482462652,4.491476538593196,green
3.723649966124018,3.9837949008953526,green
-4.042127685957919,4.666759227538807,green
2.9685370001956333,3.7208981836134445,green
-0.23771062452426772,3.2732106827867953,green
-3.88793735444742,4.084044910808132,green
-8.032913875318641,2.431846659334873,green
-1.0534826221115403,3.5655007750989913,green
-2.070469155853341,3.192154882409342,green
-7.843869516777891,9.689298076173785,green
3.5145596760790934,0.5630794285975034,green
-2.1270786199591014,4.930969496073981,green
-3.3185809299919424,4.540001819663657,green
0.6924557612212348,3.749668240666309,green
-0.12926805460613267,3.1838203664012474,green
-1.567067846951392,2.167292348078952,green
-2.5696708809053166,0.27902717580096104,green
-1.711764568030575,2.5203382172048028,green
-8.966044029322196,2.8338325850918715,green
-4.723102919793681,0.8956264375050687,green
-4.10311138370913,4.031079705264926,green
5.33002571795933,0.05051901481397181,green
-1.393822514988735,5.073222227795411,green
-3.3832680565205346,7.185667266071292,green
-2.2054535360799936,2.1264712093584928,green
-4.45795334754941,2.962063344174629,green
-1.1041404514615947,6.915992701261143,green
-4.11294213292555,-1.1758009813726416,green
-1.7254317136052169,1.554697638538296,green
-1.8498747412884438,0.402412438006138,green
-3.465438424892899,1.5947945849539937,green
-4.125229280543805,5.328668613781122,green
-5.4796256747181005,5.02220906074162,green
-7.271069119665162,2.0216237445655305,green
-3.938862620662131,5.224773766062876,green
-4.464226850822106,-0.04934340541394233,green
-4.154102523291579,1.7442284086494928,green
-3.4677038895475643,5.601883497818447,green
-2.376612829325146,7.258774475616491,green
-3.0843653705849374,5.5253386346280084,green
-3.6082581096926947,4.861460170442863,green
0.6010947204795283,2.9273865089830178,green
1.5999167541069852,5.452142504275445,green
-5.274014079725072,2.6739150082587138,green
-2.4121610841636993,5.861607801048942,green
-2.314850681112424,3.235909519154714,green
-5.975316413467945,4.385669757756853,green
-1.4894577746101691,-0.12219980207219638,green
-4.394323144660453,2.5515595470038894,green
1.5252288753715728,4.2020558314268115,green
-5.981293778497723,0.228589407736147,green
-1.905392866380338,3.497432788786159,green
-6.293010941915269,3.998387429606205,green
-6.875845630163903,2.2922489234744425,green
-1.2964315197363305,1.5086156001538202,green
-3.0306305402621274,2.043807435675548,green
0.3498612834606467,-1.437290147581768,green
-0.7011432133882414,1.2094024924413358,green
-8.445344215302153,6.765107959722295,green
0.6266499880982392,0.5629244041574539,green
-6.903445331842927,2.552509061550916,green
-4.289029347810919,-0.34155954914637343,green
-5.888441496740091,7.177385309402712,green
-2.1190913435055747,1.7372942813802348,green
-2.6531812557335432,2.8674797571023105,green
-3.269088140833494,4.053356231652982,green
3.5942899112456246,2.350228979736278,green
-4.99902818915904,8.465630488341777,green
-4.623357487476209,4.276107307522484,green
-6.4691879412276805,2.7685894541647684,green
2.0308877091052118,-0.8980812981381594,green
-6.103519857384805,3.6953483086218153,green
-3.3208649531533627,1.3402527082858666,green
-4.429694048616614,4.725955434951007,green
-3.8971875995557186,2.356919798698147,green
-2.629059317829704,0.8209424509392491,green
-7.300141399629545,4.504998736018368,green
-4.630198352781,3.107583345962202,green
-1.1699656115869281,2.432943176327338,green
-7.472800794184067,1.8768553004119113,green
-1.1056397257776407,2.2605402394464766,green
-5.268864989227916,1.4057623661478222,green
-0.45216257351722877,4.201002761833405,green
-3.6854596747867023,-0.09233955399478155,green
-5.505117228235986,2.7265555624997537,green
-6.375491827157376,1.1411239063740424,green
2.4191221381021384,4.496819627102987,green
-0.6770501847821317,3.0209496843562533,green
-5.494018259170572,4.877632572843167,green
5.031132950432317,0.5076897842882353,green
-5.425800304428138,-1.3740277040792304,green
-6.399456956494927,4.212203332622717,green
0.5643589903132602,2.2681199706738706,green
-4.138677221677456,-0.10429742729547087,green
0.48766075458133873,3.5556060569648693,green
-4.948196033639086,4.8830804507413985,green
-0.2691111640676116,1.6542854340712188,green
-2.376067875757508,2.886963792057192,green
-2.2098587401069683,0.5477861433995077,green
-0.8885623843038726,1.3076831132776316,green
-5.651702517221237,3.1293100448026934,green
-4.967050021405262,2.5976604206820393,green
-3.3621785595894416,2.3429554235244687,green
-4.042434690012179,1.5283242906334908,green
-3.0736003646748853,4.504978166358976,green
-1.3791578484423415,3.696368195146637,green
-4.563509314612805,7.4367200439702215,green
-5.169663900320121,1.8240098862266192,green
-0.28000407263572713,1.6376868185369107,green
5.714819769151209,2.918652668377614,green
-0.8358773186309048,1.1556416244956877,green
-0.6241072032566595,0.5434590385081877,green
-4.344129490778879,0.8988175686403777,green
-5.381548777650678,1.8752069284285768,green
-0.8227513332137795,2.267553244164908,green
2.234092117811702,1.543963696498534,green
-3.0817532844669158,4.0706109732234985,green
-0.7374661495814316,4.539963189419449,green
-3.9939556689567923,4.052216699954146,green
-6.203798472652233,3.226582532603321,green
-4.878084816239909,1.3604353633408883,green
-6.955603339523681,1.9154814706502752,green
-2.4604684243415376,-0.16009194004013594,green
-4.581515093882881,4.859555216286391,green
1.9186643741242513,5.1881995629006195,green
1.1648686576630318,5.736895028088221,green
-3.544746465740343,0.6305556474884555,green
-1.8796188622394796,6.599069866228343,green
-3.795091641192647,3.3509117487720173,green
0.9950107785248763,3.7227956747602957,green
4.05493829559511,5.881373022742411,green
-2.2943349394259993,3.520322449382511,green
-5.49313720168246,1.9077253160604877,green
-5.793985856519543,3.494923685118046,green
-3.6959237377132443,1.7647405602890003,green
-2.3775966265617474,2.2348020424514043,green
-3.3341409481684154,5.004832540557971,green
-3.949855072154569,0.11755438948485342,green
-2.8560046075724936,-0.3742951346919403,green
-2.4606179808148543,4.1604800234848325,green
-3.731065260664006,3.3619096053765825,green
-6.641523578242763,3.0099965948692113,green
-4.134921143849896,4.190837942887896,green
-7.462458759932131,1.449056113683128,green
-3.7842352157044803,4.839953913937524,green
-4.324142518366017,1.330876012093449,green
-1.3867340691092236,1.4126860770150322,green
-3.1395615712078513,5.078780114950012,green
-6.435692117227421,2.850149159622885,green
-5.95184122894651,2.8173212306142488,green
1.0437552337497227,1.2760482107062852,green
-6.223258553902931,5.179041936784681,green
-1.6769445269814556,4.980851169310372,green
-3.2050801888907925,1.2169469550872392,green
-3.2014443191750677,3.5708564321201135,green
-1.1684165347596227,3.4237229508550238,green
-4.556463787975949,2.710000922235125,green
-2.0063018282733798,-0.221932801025293,green
-3.9697282502780764,5.060190462642861,green
-1.3131379274058266,4.118335324498027,green
-3.7869905072070784,-0.3714372417960088,green
-5.709828605090302,0.9951013648794826,green
-2.686494498320813,6.4851141702800685,green
-2.981034570688215,4.331291578230667,green
-3.966663049521847,-0.028872869183775407,green
-7.016175902450729,1.9496020094320674,green
-1.1306565324032625,2.6187583393727047,green
-7.391129149971681,1.9837535536062565,green
-3.5222133797630684,1.9490434493183186,green
-4.536048106866099,1.5945177579517937,green
-0.522640952816404,2.2771273862949206,green
-1.4132868646496424,4.617564961061607,green
0.40716024878041246,0.47724098053484854,green
-8.610049413434858,5.626865561555266,green
-3.3185299933469965,3.8504173564046904,green
-7.263208062513553,2.7484509881296075,green
-1.4648036286439061,5.924896181600234,green
3.588035935553644,5.0914450197017445,green
-5.022132481540151,3.827327126720989,green
-0.6736949167122042,4.301188510554754,green
-10.36208839613726,3.010355817512895,green
-3.952748430203419,4.080741795003395,green
-0.3679591807131599,5.4381222417548685,green
-4.7920298136698705,4.872048815485151,green
-3.960407601976618,1.4114484260565918,green
-3.83868415958262,2.1763058677201914,green
-0.8398878681758419,3.5734813524835616,green
-4.0756499178610985,2.057229500504394,green
-4.395847296789679,1.4687253339732451,green
-5.26897021185119,6.465701437453037,green
-2.2401381656573944,1.5283709848401392,green
-1.1140907350609575,3.4927322442189843,green
-4.586613930512339,1.1851026023823006,green
-1.6208442686232882,3.702990907888028,green
-2.6458103509464985,4.792060387915232,green
-0.6198860970892341,2.3299042085130868,green
3.0362787437789933,2.5488046408754115,green
-1.452106206432973,3.707665650651512,green
-2.17613033753003,2.809123574987469,green
-3.8990891396009673,2.1544057959039833,green
-5.303305368524414,3.7649291883436025,green
-6.545729259963869,3.7097296220264573,green
-3.469327776653205,1.9298298408766243,green
-4.592225450488064,4.4880202879332405,green
-0.9802313446188622,0.1901416514260892,green
-3.66305298063652,0.9412272624217164,green
0.48202006926836827,4.546625240117466,green
-2.2728839697636505,5.460746371811677,green
-4.811314269190282,2.381774974070425,green
-4.4666192146398505,-0.12959330683984938,green
-10.634549468172882,1.6732516921945255,green
0.9441342822864929,3.930686803852154,green
-4.074843396429511,4.432047065999046,green
-8.2134248034042,3.9415456656032886,green
-2.7330065418642877,4.385692330966787,green
-6.672324258146811,0.1703661955659146,green
-6.4479218654850365,1.6272332695917,green
-4.453798193450616,1.6688487611682732,green
-6.547697793768419,2.2183571813374803,green
-1.3779196309913073,5.92274262385461,green
-5.072261788894605,4.158823414058152,green
-6.732590308385568,1.1929880490857343,green
-2.575957401779252,2.35254059548665,green
-6.322728118969591,-2.0792719618492495,green
-4.98686845358502,4.29158315763021,green
-0.46575972653520425,1.6453410123645602,green
