Date,ARS1,AUD1,BRL100,CAD1,CNY100,CZK100,DKK100,EUR1,GBP1,HKD100,HUF100,JPY100,KRW100,MXN100,MYR100,NOK100,NZD1,PLN100,RUB1,SEK100,SGD1,THB100,TRY100,USD1,USD3M,USD6M,XDR1,ZAR1
2001-01-01,162.9538,0.90379,83.2381,1.0836,19.6753,4.3513,20.481,1.5291,2.407,20.88582,0.5767,1.39328,0.128,16.6586,42.8657,18.5705,0.7236,39.5819,0.0573,17.1767,0.9373,3.7771,0.00024,1.6291,,,2.1217,0.209
2001-02-01,166.6355,0.8902,83.105,1.0949,20.15145,4.4306,20.567,1.5355,2.422,21.36015,0.5777,1.43408,0.133,17.1525,43.84,18.6965,0.7241,40.711,0.0582,17.1045,0.9555,3.9048,0.00022,1.6661,,,2.1561,0.2132
2001-03-01,168.8082,0.85048,80.8409,1.0844,20.43436,4.4388,20.5673,1.5357,2.4395,21.63908,0.5761,1.39119,0.1307,17.5795,44.43,18.8114,0.7058,41.5214,0.0588,16.8123,0.9525,3.8412,0.00017,1.6878,,,2.16061,0.2139
2001-04-01,171.2737,0.85564,77.9895,1.0977,20.69019,4.423,20.4774,1.5287,2.4563,21.94927,0.5723,1.38344,0.1289,18.3163,45.0463,18.8347,0.6949,42.52,0.0592,16.7737,0.9445,3.7619,0.00014,1.712,,,2.17255,0.2117
2001-05-01,175.2476,0.91208,76.5762,1.1366,21.17961,4.4596,20.551,1.5337,2.4975,22.46043,0.5929,1.43826,0.135,19.14,46.0971,19.1705,0.7396,43.9586,0.0603,16.9252,0.9655,3.8495,0.00015,1.7519,,,2.21202,0.2197
2001-06-01,178.3085,0.92404,74.885,1.1691,21.56724,4.4819,20.421,1.5225,2.4986,22.85631,0.6153,1.45711,0.1375,19.6065,46.9085,19.185,0.7386,44.883,0.0611,16.536,0.9815,3.9388,0.00015,1.7827,,,2.23012,0.2211
2001-07-01,176.1023,0.89675,71.6091,1.1514,21.24191,4.4685,20.3245,1.5134,2.4867,22.56568,0.6074,1.41294,0.1348,19.1977,46.3136,18.9864,0.7184,41.9923,0.0602,16.3423,0.9651,3.8575,0.00013,1.7602,,,2.19947,0.2146
2001-08-01,168.0818,0.88177,66.9455,1.0917,20.29491,4.4455,20.3355,1.5144,2.4137,21.53757,0.6077,1.38413,0.1306,18.4068,44.2041,18.7914,0.7251,39.5591,0.0572,16.2623,0.9543,3.7428,0.00012,1.6799,,,2.1437,0.2021
2001-09-01,163.917,0.82913,61.68,1.0468,19.75935,4.3653,20.0405,1.4919,2.3951,21.00698,0.5824,1.37878,0.1265,17.414,43.1145,18.6525,0.6863,38.7905,0.0556,15.4205,0.9371,3.6946,0.00011,1.6386,,,2.1019,0.1898
2001-10-01,163.3526,0.8235,59.6565,1.0397,19.73922,4.4079,19.89,1.4796,2.3698,20.93379,0.5795,1.3461,0.1252,17.4496,42.9657,18.5004,0.6761,39.4748,0.0552,15.4465,0.9023,3.6493,0.0001,1.6329,,,2.09004,0.1761
2001-11-01,165.3236,0.85329,64.6364,1.036,19.94041,4.4024,19.6927,1.4665,2.3717,21.16596,0.5828,1.34847,0.1287,17.8959,43.4395,18.5086,0.6871,40.325,0.0553,15.5759,0.9019,3.7171,0.00011,1.6509,,,2.09432,0.1698
2001-12-01,164.8917,0.8489,69.4889,1.0467,20.03229,4.5312,19.8017,1.4743,2.3743,21.15354,0.5947,1.29877,0.1282,17.9944,43.4094,18.4333,0.6857,41.0494,0.0546,15.6161,0.8981,3.7565,0.00011,1.6498,,,2.08857,0.1426
2002-01-01,114.021,0.86279,70.1381,1.0426,20.17748,4.5957,19.8229,1.4738,2.3891,21.38904,0.6038,1.2579,0.1267,18.1867,43.8924,18.6057,0.7082,41.0262,0.0545,15.9614,0.9072,3.789,0.00012,1.6681,,,2.09281,0.144
2002-02-01,83.2805,0.87052,70.065,1.0638,20.5054,4.645,19.879,1.4774,2.4155,21.76928,0.606,1.27102,0.1287,18.6495,44.6775,18.9665,0.711,40.5345,0.055,16.0795,0.9269,3.8728,0.00012,1.6979,,,2.11396,0.1477
2002-03-01,69.4385,0.87784,71.355,1.0554,20.23138,4.6695,19.746,1.468,2.3822,21.47951,0.5989,1.27779,0.1267,18.466,44.0835,19.012,0.7237,40.4415,0.0538,16.1995,0.9159,3.8592,0.00012,1.6753,,,2.09582,0.1452
2002-04-01,56.091,0.88598,71.3429,1.046,19.97732,4.8249,19.7162,1.466,2.3871,21.21726,0.6044,1.26536,0.1254,18.0748,43.5443,19.2162,0.7326,40.7567,0.053,16.0495,0.905,3.8096,0.00013,1.6549,,,2.08011,0.1493
2002-05-01,47.582,0.87383,64.055,1.0241,19.18352,4.7637,19.5835,1.4567,2.3175,20.35422,0.5971,1.25664,0.1258,16.6645,41.7725,19.372,0.7334,39.2035,0.0507,15.795,0.882,3.7066,0.00011,1.5876,,,2.03007,0.1563
2002-06-01,42.269,0.8764,57.05,1.006,18.59635,4.8488,19.7935,1.4716,2.2844,19.7543,0.6058,1.24792,0.1261,15.782,40.544,19.8525,0.7536,38.2505,0.049,16.1385,0.8641,3.6548,0.0001,1.5408,,,2.00338,0.1514
2002-07-01,40.5265,0.8162,50.5,0.9555,17.79626,4.9211,19.6826,1.4626,2.29,18.89706,0.5927,1.24822,0.1244,15.0539,38.7843,19.7274,0.7082,35.7648,0.0467,15.7717,0.8404,3.5736,9e-05,1.474,,,1.96031,0.1455
2002-08-01,41.319,0.81109,48.2095,0.9547,18.08309,4.7469,19.7038,1.4639,2.2998,19.20039,0.5965,1.25794,0.125,15.2214,39.4067,19.6881,0.6948,35.8714,0.0474,15.829,0.8528,3.5477,9e-05,1.4977,,,1.97891,0.141
2002-09-01,40.9371,0.81678,45.3238,0.9493,18.0511,4.8464,19.7229,1.4651,2.323,19.15126,0.6005,1.23741,0.1234,14.84,39.3071,19.8938,0.7021,35.9757,0.0472,15.9752,0.8459,3.486,9e-05,1.4938,,,1.97415,0.1406
2002-10-01,40.7109,0.82103,39.2739,0.9458,18.03609,4.7738,19.713,1.4649,2.3242,19.14077,0.6013,1.20505,0.1203,14.7904,39.2813,19.9561,0.7183,36.2287,0.047,16.0848,0.836,3.4188,9e-05,1.4929,,,1.96845,0.1444
2002-11-01,41.4519,0.82217,40.8619,0.9325,17.70781,4.7697,19.749,1.4673,2.3028,18.78512,0.6154,1.20533,0.1209,14.3686,38.5524,20.0276,0.7273,37.0652,0.046,16.1524,0.8303,3.3817,9e-05,1.4651,,,1.94982,0.1517
2002-12-01,41.05,0.81238,39.545,0.9243,17.35582,4.7065,19.763,1.468,2.2855,18.47728,0.621,1.18103,0.1193,14.0975,37.9165,20.1,0.7355,36.7995,0.0452,16.1295,0.8214,3.3254,9e-05,1.441,,,1.92988,0.1608
2003-01-01,42.1,0.80333,40.1048,0.8934,16.61987,4.6413,19.6695,1.4623,2.2242,17.64113,0.6075,1.15862,0.1169,12.9533,36.2048,19.9181,0.7448,35.8971,0.0432,15.9343,0.7928,3.2181,8e-05,1.3759,,,1.87996,0.158
2003-02-01,42.971,0.80973,37.895,0.8997,16.439,4.6345,19.7365,1.4672,2.1922,17.45763,0.5981,1.14057,0.1142,12.449,35.8275,19.4405,0.7538,35.2135,0.043,16.0285,0.7801,3.1737,8e-05,1.3616,,,1.86578,0.1636
2003-03-01,44.1143,0.81855,39.219,0.9212,16.4449,4.6238,19.7743,1.469,2.1505,17.42697,0.5975,1.14575,0.1099,12.4524,35.7629,18.7267,0.7537,33.8876,0.0432,15.9252,0.775,3.1781,8e-05,1.3592,,,1.86292,0.1686
2003-04-01,47.369,0.83851,43.985,0.9428,16.649,4.7245,20.1335,1.4954,2.1676,17.65831,0.6081,1.14924,0.1117,12.982,36.24,19.088,0.7583,34.732,0.0441,16.3265,0.775,3.2083,8e-05,1.3773,,,1.88839,0.1791
2003-05-01,46.123,0.84836,44.26,0.9477,15.82109,4.8223,20.397,1.5148,2.125,16.79267,0.6165,1.11749,0.1091,12.769,34.461,19.2265,0.755,34.9885,0.0423,16.5365,0.7553,3.1032,9e-05,1.3097,,,1.84538,0.1711
2003-06-01,46.826,0.87652,45.635,0.9746,15.93552,4.899,20.7345,1.5399,2.1914,16.91158,0.5894,1.11502,0.1105,12.56,34.7035,18.8575,0.7667,34.67,0.0433,16.892,0.76,3.165,9e-05,1.3189,,,1.86896,0.1669
2003-07-01,48.573,0.90033,47.2783,0.9862,16.42465,4.8503,20.8057,1.5471,2.2091,17.43862,0.5855,1.14627,0.1152,12.9961,35.7865,18.6496,0.7973,34.8257,0.0448,16.8191,0.7747,3.2538,0.0001,1.3601,,,1.90317,0.1798
2003-08-01,47.1555,0.8997,45.965,0.9889,16.69057,4.7695,20.7205,1.5404,2.2021,17.71475,0.5932,1.16368,0.1173,12.808,36.3555,18.6245,0.8045,35.245,0.0455,16.674,0.788,3.3157,0.0001,1.3816,,,1.91651,0.1866
2003-09-01,47.0782,0.91133,47.0909,1.0089,16.60377,4.7758,20.8241,1.5469,2.2198,17.70567,0.605,1.19873,0.1183,12.6073,36.2782,18.8591,0.8051,34.6509,0.045,17.0441,0.7894,3.4045,0.0001,1.3788,,,1.92482,0.188
2003-10-01,46.1652,0.91689,46.2304,0.9983,15.98791,4.8365,20.83,1.5481,2.2172,17.07585,0.6051,1.2074,0.1133,11.8322,34.7961,18.7943,0.795,33.693,0.0439,17.1787,0.7624,3.3275,9e-05,1.3224,,,1.89542,0.1896
2003-11-01,46.2,0.95356,45.715,1.0135,16.09155,4.8729,20.955,1.5587,2.2487,17.15209,0.5999,1.21915,0.1123,11.9615,35.042,19.0025,0.837,33.7475,0.0447,17.325,0.7698,3.3361,9e-05,1.3318,,,1.91456,0.1974
2003-12-01,42.7048,0.9353,43.219,0.9639,15.26139,4.8072,20.8886,1.5549,2.2137,16.30933,0.5874,1.174,0.1062,11.2467,33.321,18.871,0.8191,33.3562,0.043,17.2281,0.7399,3.1856,9e-05,1.2664,,,1.85786,0.1942
2004-01-01,42.821,0.95731,43.56,0.9576,14.99023,4.7799,21.02,1.5661,2.2621,15.98811,0.5917,1.16718,0.105,11.368,32.6705,18.1935,0.8354,33.2105,0.0431,17.1255,0.7311,3.1758,9e-05,1.2417,,,1.8506,0.1781
2004-02-01,42.386,0.9671,42.38,0.9358,15.03665,4.7872,21.108,1.5731,2.3222,15.99572,0.5977,1.16717,0.1066,11.263,32.7215,17.9115,0.8596,32.396,0.0436,17.133,0.7373,3.1798,9e-05,1.2436,,,1.86255,0.1833
2004-03-01,43.9422,0.9567,43.9087,0.9597,15.4283,4.7472,21.0248,1.5666,2.3328,16.38375,0.6176,1.17637,0.1095,11.5891,33.5939,18.3248,0.8432,32.84,0.0447,16.9596,0.7509,3.2346,0.0001,1.2767,,,1.88171,0.1921
2004-04-01,45.6,0.9636,44.535,0.9672,15.66368,4.7781,20.883,1.5547,2.3375,16.62787,0.6203,1.20503,0.1124,11.506,34.1135,18.729,0.8303,32.6285,0.0451,16.9475,0.7692,3.2853,0.0001,1.2965,,,1.89366,0.1973
2004-05-01,44.0242,0.90543,41.4842,0.9302,15.48543,4.8101,20.7026,1.5408,2.2908,16.45075,0.6088,1.1453,0.109,11.1347,33.7537,18.7637,0.7902,32.5421,0.0442,16.8679,0.7499,3.1663,9e-05,1.2828,,,1.8631,0.1884
2004-06-01,42.2245,0.86844,39.9045,0.9199,15.10368,4.7975,20.425,1.5187,2.2867,16.04318,0.5993,1.14313,0.108,10.98,32.9173,18.3195,0.7863,33.0514,0.0431,16.6005,0.7303,3.0646,8e-05,1.251,,,1.83534,0.1939
2004-07-01,42.0468,0.89032,40.8773,0.9403,15.03855,4.8377,20.5305,1.5268,2.2912,15.94586,0.6106,1.13789,0.1074,10.8427,32.7286,18.0123,0.8044,34.1495,0.0428,16.5914,0.7266,3.0379,9e-05,1.2438,,,1.83449,0.2025
2004-08-01,41.8964,0.8964,41.9727,0.961,15.25,4.8584,20.6791,1.5381,2.2976,16.19171,0.6173,1.1435,0.1091,11.0841,33.2305,18.4482,0.8261,34.6827,0.0432,16.7264,0.7363,3.0421,9e-05,1.2629,,,1.85092,0.1956
2004-09-01,42.1114,0.88638,43.5955,0.9785,15.25582,4.8793,20.7427,1.5431,2.2641,16.19457,0.6226,1.14734,0.11,10.9923,33.2382,18.4509,0.8319,35.2495,0.0432,16.96,0.7445,3.0448,8e-05,1.2631,,,1.85047,0.1927
2004-10-01,41.55,0.90444,43.2619,0.9882,14.91414,4.8973,20.7343,1.5427,2.2314,15.85463,0.6247,1.13381,0.1081,10.84,32.4967,18.7248,0.8436,35.6848,0.0425,17.0229,0.7361,2.9898,8e-05,1.235,,,1.82696,0.1928
2004-11-01,39.6541,0.90216,41.9182,0.9796,14.14364,4.861,20.4768,1.5221,2.1785,15.08459,0.62,1.11828,0.1079,10.3027,30.8695,18.6914,0.8205,35.7014,0.041,16.9014,0.7102,2.9077,8e-05,1.1732,,,1.77604,0.1933
2004-12-01,38.5257,0.87944,42.0826,0.9411,13.85039,5.0051,20.6548,1.5359,2.2103,14.72666,0.6241,1.1033,0.109,10.22,30.1365,18.667,0.8193,37.0896,0.041,17.0935,0.6976,2.9192,8e-05,1.1453,,,1.76587,0.1995
2005-01-01,39.9314,0.90104,43.6762,0.9625,14.25833,5.0993,20.7824,1.5467,2.2128,15.10725,0.6268,1.13926,0.1134,10.4562,30.9886,18.8105,0.8303,37.8781,0.0421,17.0738,0.7184,3.0382,86.77714,1.1777,,,1.79509,0.197
2005-02-01,40.781,0.92964,45.745,0.9612,14.3881,5.1667,20.8205,1.5499,2.2468,15.26528,0.6352,1.13513,0.1164,10.6885,31.331,18.631,0.8512,38.865,0.0426,17.056,0.7262,3.0941,90.407,1.1907,,,1.80781,0.1975
2005-03-01,40.0257,0.92068,43.3857,0.9635,14.20661,5.198,20.7962,1.5489,2.2354,15.03469,0.632,1.11468,0.1164,10.5114,30.8562,18.9157,0.8562,38.5986,0.0424,17.0367,0.7189,3.0398,89.48095,1.1727,,,1.79152,0.1944
2005-04-01,41.1462,0.92364,46.2143,0.968,14.44729,5.1336,20.7629,1.5471,2.2645,15.32118,0.623,1.11403,0.1183,10.7376,31.4405,18.9105,0.8602,37.2281,0.043,16.8762,0.7228,3.0212,87.60714,1.1949,,,1.80643,0.1938
2005-05-01,42.0655,0.93262,49.635,0.9692,14.71873,5.1017,20.7485,1.5448,2.2575,15.62493,0.612,1.14102,0.1214,11.0875,32.03,19.103,0.8745,36.9275,0.0435,16.798,0.7371,3.0535,88.653,1.2173,,,1.82207,0.1916
2005-06-01,43.8109,0.96896,52.3,1.0172,15.30582,5.1184,20.6582,1.5382,2.3004,16.25809,0.6175,1.16352,0.1249,11.6759,33.2659,19.48,0.8954,37.8759,0.0443,16.6059,0.756,3.0875,92.79409,1.2643,,,1.85588,0.187
2005-07-01,45.0195,0.97319,54.5143,1.0573,15.74862,5.1574,20.8886,1.5581,2.2651,16.6359,0.6317,1.15517,0.1247,12.0995,34.1548,19.6567,0.8783,37.9919,0.0451,16.5243,0.7679,3.0991,96.53571,1.2937,,,1.87594,0.1927
2005-08-01,43.6791,0.96142,53.4364,1.0469,15.58935,5.2459,20.81,1.5526,2.2652,16.24236,0.6348,1.14146,0.1236,11.8109,33.5636,19.5977,0.8787,38.3668,0.0443,16.6182,0.7591,3.0669,93.55364,1.2623,,,1.85279,0.195
2005-09-01,43.3536,0.96713,54.9318,1.0718,15.64182,5.2793,20.7668,1.5491,2.285,16.28023,0.6295,1.1377,0.1227,11.7195,33.5277,19.8395,0.8836,39.4695,0.0445,16.5855,0.7515,3.0774,94.09045,1.2638,,,1.85526,0.1984
2005-10-01,43.4367,0.97165,57.1,1.0948,15.92514,5.2164,20.7543,1.5489,2.2721,16.60384,0.6148,1.12217,0.1231,11.8781,34.131,19.7605,0.8996,39.4757,0.0451,16.4319,0.7614,3.1481,94.8319,1.288,,,1.86346,0.1956
2005-11-01,44.1027,0.96321,59.1636,1.1074,16.224,5.2726,20.7091,1.5452,2.2732,16.89001,0.6151,1.10619,0.1258,12.2618,34.6595,19.7423,0.9035,38.8955,0.0455,16.1468,0.7711,3.1841,96.21591,1.3098,,,1.87032,0.1965
2005-12-01,43.3043,0.96868,57.2905,1.1231,16.16923,5.3418,20.7605,1.5478,2.2788,16.82622,0.6122,1.10026,0.1276,12.2752,34.5262,19.4019,0.9067,40.16,0.0453,16.4029,0.7789,3.1729,96.4,1.3047,,,1.868,0.2049
2006-01-01,41.9048,0.95817,56.1476,1.1031,15.85032,5.3932,20.7576,1.5491,2.2569,16.47949,0.6174,1.10749,0.1301,12.1033,34.0605,19.2571,0.8781,40.5157,0.0451,16.6305,0.783,3.2271,95.69381,1.2779,,,1.85123,0.2095
2006-02-01,42.437,0.96679,60.215,1.1343,16.21775,5.4813,20.8675,1.5578,2.2785,16.80431,0.6187,1.10643,0.1344,12.428,34.9845,19.323,0.8775,41.0285,0.0462,16.6705,0.8003,3.3097,98.212,1.3041,,,1.87296,0.2128
2006-03-01,42.3604,0.94846,60.6348,1.1279,16.23974,5.4752,21.0243,1.5688,2.2753,16.8123,0.6012,1.11224,0.1338,12.1387,35.2204,19.6648,0.8276,40.4161,0.0468,16.6926,0.8043,3.347,97.53348,1.3047,,,1.87904,0.2085
2006-04-01,41.7856,0.94442,60.1667,1.12,16.002,5.5207,21.1033,1.5749,2.2669,16.54509,0.5932,1.09673,0.1347,11.6322,35.0478,20.0789,0.7975,40.1711,0.0466,16.8711,0.8012,3.3757,96.07611,1.2834,,,1.86405,0.211
2006-05-01,39.8719,0.9307,56.3857,1.0975,15.21235,5.5009,20.871,1.5565,2.2772,15.71704,0.5926,1.09088,0.1295,10.9952,33.749,19.9548,0.7679,39.9652,0.045,16.6705,0.7731,3.2083,85.2881,1.2188,,,1.81481,0.1931
2006-06-01,39.9438,0.91175,54.6524,1.1064,15.38795,5.4973,20.919,1.56,2.2708,15.87373,0.5733,1.07456,0.129,10.8105,33.5876,19.85,0.7617,38.7495,0.0456,16.8862,0.7745,3.2111,76.93667,1.2324,,,1.82263,0.1767
2006-07-01,40.069,0.92948,56.4524,1.0959,15.47995,5.511,21.0248,1.5686,2.2796,15.90272,0.5649,1.06904,0.13,11.2405,33.6852,19.7543,0.7629,39.2357,0.0459,17.0162,0.7806,3.253,79.40667,1.2363,,,1.82866,0.1744
2006-08-01,39.9186,0.93899,56.9636,1.1,15.45309,5.5942,21.1418,1.5775,2.3302,15.82218,0.5749,1.06131,0.128,11.3141,33.4677,19.7136,0.7799,40.4109,0.046,17.1273,0.7811,3.2712,83.76409,1.2305,,,1.83095,0.177
2006-09-01,40.0605,0.93968,57.4,1.1144,15.68233,5.5761,21.2267,1.5837,2.345,15.97455,0.576,1.06191,0.1305,11.3162,33.8438,19.1781,0.8123,39.8748,0.0465,17.0805,0.7872,3.3192,83.80286,1.2433,,,1.84372,0.1674
2006-10-01,40.6082,0.94914,58.5591,1.1163,15.94382,5.6168,21.3182,1.5897,2.3622,16.18111,0.595,1.0618,0.1321,11.5509,34.2427,18.94,0.8322,40.7077,0.0469,17.1718,0.798,3.3745,85.02182,1.26,,,1.85786,0.1645
2006-11-01,40.1355,0.9538,57.2909,1.0879,15.70964,5.6772,21.3509,1.5922,2.3624,15.87793,0.6146,1.05327,0.1321,11.3259,33.9027,19.3082,0.826,41.5882,0.0464,17.4873,0.7935,3.3811,84.65682,1.2358,,,1.84211,0.17
2006-12-01,39.4368,0.94949,56.1316,1.049,15.47395,5.7401,21.4137,1.5966,2.373,15.53811,0.6282,1.0311,0.1305,11.1153,34.0047,19.5532,0.8361,41.8663,0.0459,17.6568,0.7839,3.3769,84.21579,1.2078,,,1.82316,0.1712
2007-01-01,40.2724,0.97312,58.0952,1.0578,15.95096,5.7973,21.6719,1.6157,2.4367,15.94576,0.6358,1.03274,0.1327,11.349,35.4581,19.5176,0.864,41.6067,0.0469,17.7838,0.8088,3.4718,87.04571,1.2439,,,1.85962,0.1724
2007-02-01,39.9225,0.96983,59.07,1.0582,15.9846,5.7388,21.7485,1.6213,2.4271,15.87629,0.6396,1.0284,0.1323,11.2795,35.4625,20.042,0.8593,41.6145,0.0471,17.6455,0.8085,3.5194,88.6105,1.2402,,,1.85806,0.1727
2007-03-01,39.2305,0.96513,58.2045,1.0416,15.74277,5.743,21.6432,1.6126,2.3708,15.58752,0.6453,1.03799,0.1291,10.9527,34.885,19.8314,0.8506,41.4782,0.0467,17.3332,0.7987,3.552,86.38045,1.218,,,1.83678,0.1655
2007-04-01,39.16,1.00164,59.5579,1.0669,15.6981,5.8443,21.9674,1.6374,2.4104,15.5017,0.6652,1.01964,0.1301,11.02,35.2432,20.1716,0.8899,42.8958,0.0469,17.7111,0.7994,3.533,88.96684,1.2116,,,1.84246,0.17
2007-05-01,39.595,1.00725,61.405,1.1141,15.91435,5.84,22.141,1.65,2.4217,15.6154,0.6637,1.01117,0.1316,11.274,35.877,20.269,0.8943,43.6515,0.0473,17.9245,0.8015,3.5628,91.2555,1.221,,,1.85396,0.1737
2007-06-01,40.0181,1.03856,63.7048,1.1573,16.15367,5.7924,22.2152,1.6542,2.4486,15.78239,0.6604,1.0054,0.1328,11.369,35.7614,20.5224,0.9324,43.4319,0.0476,17.7281,0.8023,3.6052,93.20667,1.2332,,,1.86439,0.1718
2007-07-01,38.765,1.04771,64.0364,1.1495,15.93677,5.8381,22.2614,1.6567,2.4562,15.44378,0.6708,0.99335,0.1315,11.1718,35.085,20.8723,0.949,43.9486,0.0473,18.0377,0.7965,3.6129,94.21227,1.2076,,,1.8477,0.173
2007-08-01,38.0982,0.9958,61.1364,1.135,15.88152,5.8757,21.9991,1.6377,2.4154,15.38834,0.6413,1.0306,0.1286,10.8755,34.5091,20.525,0.8706,42.9509,0.0469,17.56,0.7896,3.5771,91.36318,1.2027,,,1.83982,0.1662
2007-09-01,37.64,1.00225,62.14,1.1534,15.7549,5.971,22.1065,1.6475,2.3924,15.2381,0.65,1.03086,0.1276,10.745,34.127,21.032,0.851,43.4655,0.0468,17.731,0.7841,3.4921,93.772,1.1861,,,1.82984,0.1664
2007-10-01,37.1226,1.05496,65.1174,1.2014,15.65804,6.1034,22.4065,1.6704,2.3991,15.14104,0.6654,1.01333,0.1283,10.8387,34.7587,21.7113,0.8913,45.0474,0.0472,18.1996,0.8008,3.4949,97.67391,1.1742,,,1.83044,0.1732
2007-11-01,35.7873,1.01,63.5045,1.1679,15.13241,6.1629,22.11,1.6485,2.3281,14.44173,0.6478,1.01126,0.1223,10.3309,33.4545,20.7727,0.8587,45.0841,0.0459,17.7445,0.7763,3.325,94.34682,1.1234,,,1.78506,0.1675
2007-12-01,36.2453,0.99383,63.7632,1.1351,15.48614,6.3038,22.23,1.6586,2.302,14.60661,0.6548,1.01543,0.1223,10.4921,34.1584,20.6826,0.8761,46.0311,0.0463,17.5837,0.7858,3.4375,96.40579,1.1391,,,1.79472,0.1665
2008-01-01,34.9657,0.97026,62.0667,1.0885,15.23435,6.2134,21.7243,1.6189,2.1669,14.1043,0.6319,1.02226,0.1167,10.081,33.6957,20.341,0.8497,44.8229,0.045,17.1571,0.7692,3.3457,93.4519,1.1008,1.0972,1.0951,1.74248,0.1571
2008-02-01,34.4967,0.99591,62.8857,1.0904,15.22314,6.3307,21.5776,1.6087,2.1416,13.98817,0.6134,1.01781,0.1155,10.1229,33.8219,20.2262,0.8691,44.9467,0.0445,17.1729,0.7726,3.3673,91.18,1.0908,1.0897,1.0893,1.72942,0.1425
2008-03-01,32.0368,0.93689,59.3737,1.0141,14.30611,6.2305,21.0668,1.5711,2.0274,13.00337,0.6029,1.00386,0.1033,9.4147,31.7679,19.7211,0.8115,44.3658,0.0426,16.6984,0.7304,3.2151,81.32,1.012,1.0118,1.0126,1.6512,0.1266
2008-04-01,31.9318,0.94174,59.8636,0.9986,14.46691,6.3571,21.3786,1.5954,2.0034,12.99391,0.6282,0.98736,0.1026,9.6245,31.9973,20.0241,0.7991,46.2886,0.043,17.0127,0.7419,3.2032,77.68682,1.0125,1.0119,1.0123,1.6578,0.13
2008-05-01,33.066,0.99106,62.87,1.0439,14.97035,6.4621,21.7695,1.6245,2.0503,13.37797,0.6556,1.00075,0.1006,9.996,32.4055,20.618,0.8114,47.6705,0.044,17.4295,0.7632,3.2496,83.5885,1.0435,1.0429,1.0431,1.69621,0.1368
2008-06-01,33.9881,0.98711,63.9952,1.0211,15.03686,6.6278,21.6324,1.6138,2.0369,13.28567,0.6651,0.97087,0.1005,10.04,31.8124,20.1871,0.7903,47.7824,0.0439,17.2143,0.7579,3.1223,83.89429,1.0373,1.0366,1.0358,1.68075,0.1307
2008-07-01,33.92,0.98772,64.3478,1.0126,15.00796,6.8688,21.6948,1.6186,2.0397,13.1544,0.6974,0.96109,0.1008,10.0391,31.5596,20.1022,0.7742,49.6043,0.0439,17.1035,0.7547,3.0619,84.44565,1.0261,1.0252,1.0242,1.67381,0.1342
2008-08-01,35.694,0.95399,67.235,1.0285,15.8147,6.6645,21.721,1.6204,2.0434,13.8793,0.6856,0.99102,0.1034,10.721,32.505,20.3135,0.7669,49.1795,0.0447,17.2455,0.7709,3.1984,91.7445,1.0839,1.083,1.0817,1.71772,0.1411
2008-09-01,36.0118,0.90871,62.3,1.0484,16.22959,6.5093,21.3745,1.5945,1.9954,14.24633,0.6622,1.04063,0.0978,10.4459,32.23,19.5655,0.7484,47.2805,0.0439,16.6677,0.7756,3.2336,89.27136,1.1097,1.1067,1.105,1.72755,0.1377
2008-10-01,35.3257,0.78706,52.6913,0.9735,16.70752,6.1281,20.3891,1.5202,1.9298,14.71751,0.5862,1.14274,0.0865,9.0826,32.4213,17.6883,0.6948,42.6135,0.0432,15.4452,0.7731,3.3131,77.97957,1.1421,1.1378,1.1354,1.72823,0.118
2008-11-01,35.7195,0.7801,52.635,0.977,17.4164,6.018,20.339,1.5152,1.8251,15.34456,0.5711,1.22785,0.085,9.057,33.128,17.1625,0.6713,40.649,0.0435,14.956,0.7888,3.3882,74.5485,1.1894,1.1861,1.1826,1.76186,0.1173
2008-12-01,33.4605,0.76586,47.7095,0.926,16.71781,5.8934,20.6619,1.5397,1.7075,14.78975,0.5823,1.25702,0.0838,8.5162,32.2119,16.3381,0.6383,38.4257,0.0407,14.2871,0.7734,3.2649,73.71619,1.1463,1.142,1.1373,1.74088,0.1146
2009-01-01,32.5585,0.76158,48.88,0.9213,16.50775,5.4944,20.046,1.494,1.6274,14.54986,0.5341,1.25024,0.0829,8.137,31.52,16.2165,0.6193,35.427,0.0354,13.935,0.7558,3.2297,70.3015,1.1287,1.1271,1.1249,1.70407,0.1134
2009-02-01,33.1715,0.75519,50.245,0.9358,17.0445,5.2273,19.999,1.4905,1.678,15.02612,0.4992,1.26193,0.081,7.9855,32.0425,16.9325,0.5991,32.0325,0.0325,13.6705,0.7673,3.2966,70.0095,1.1651,1.1627,1.1596,1.73157,0.1162
2009-03-01,31.6205,0.76781,49.8727,0.9141,16.89936,5.5266,20.2195,1.5068,1.639,14.89998,0.4949,1.18227,0.0796,7.8595,31.4032,17.0423,0.6134,32.5845,0.0334,13.4805,0.7542,3.2261,67.40636,1.1553,1.1526,1.149,1.71385,0.1157
2009-04-01,31.0585,0.81877,51.84,0.9355,16.80835,5.6471,20.3375,1.5151,1.6873,14.81435,0.512,1.16334,0.0859,8.511,31.8145,17.22,0.6554,34.1295,0.0342,13.919,0.7634,3.2382,71.0795,1.1482,1.1463,1.1438,1.71359,0.1273
2009-05-01,29.7395,0.84727,53.3947,0.9618,16.24547,5.6494,20.2974,1.5118,1.7077,14.30196,0.5355,1.14548,0.0881,8.3926,31.4595,17.1684,0.6666,34.2521,0.0347,14.2737,0.7583,3.2004,71.15684,1.1086,1.1072,1.1054,1.6865,0.1322
2009-06-01,28.6681,0.86708,55.1714,0.9603,15.81757,5.7044,20.34,1.5145,1.7693,13.94555,0.5394,1.1188,0.0854,8.091,30.6938,16.9157,0.6892,33.5933,0.0347,13.8995,0.7439,3.1652,69.73238,1.081,1.0797,1.078,1.67055,0.134
2009-07-01,28.3304,0.86792,55.7957,0.9596,15.80313,5.8866,20.413,1.5202,1.7649,13.9297,0.5582,1.14258,0.0855,8.0765,30.4209,16.9548,0.6948,35.3387,0.0343,14.0239,0.7444,3.1686,71.00043,1.0796,1.0783,1.0766,1.67473,0.1355
2009-08-01,27.8186,0.89212,57.919,0.9819,15.64529,5.936,20.4686,1.524,1.7675,13.7899,0.5646,1.12622,0.0861,8.2081,30.3686,17.5876,0.7215,36.8848,0.0338,14.9124,0.7408,3.1401,71.7781,1.0689,1.0679,1.0665,1.66719,0.1344
2009-09-01,27.0545,0.89599,56.9727,0.9615,15.24086,5.9676,20.3486,1.5148,1.6987,13.42618,0.5565,1.13848,0.0856,7.7536,29.7664,17.5814,0.732,36.3927,0.0338,14.8409,0.7307,3.0753,69.71773,1.0406,1.0398,1.0386,1.64113,0.1382
2009-10-01,26.6664,0.92668,58.6682,0.9693,14.96464,5.8541,20.3355,1.514,1.653,13.18093,0.5636,1.13215,0.0868,7.7195,29.995,18.0977,0.7549,35.9282,0.0347,14.6809,0.7304,3.0555,69.37,1.0216,1.0209,1.02,1.6239,0.1363
2009-11-01,26.5362,0.93058,58.5048,0.9552,14.82767,5.8438,20.2924,1.5104,1.6807,13.06094,0.5571,1.13619,0.0869,7.7181,29.8486,17.9433,0.7389,36.2295,0.035,14.6148,0.7285,3.0397,67.78714,1.0123,1.0117,1.011,1.62019,0.1344
2009-12-01,26.9882,0.92768,58.6682,0.9741,15.06159,5.7576,20.1864,1.5025,1.6694,13.26257,0.5496,1.14631,0.0881,8.0018,30.1164,17.8386,0.7366,36.2568,0.0342,14.4205,0.7364,3.094,68.13227,1.0283,1.0276,1.0267,1.62753,0.1373
2010-01-01,27.1585,0.9447,58.235,0.9922,15.1418,5.6489,19.8375,1.4767,1.6728,13.31582,0.5479,1.1327,0.0907,8.0715,30.6055,18.027,0.7513,36.2905,0.0346,14.4825,0.7399,3.128,70.1215,1.0337,1.0331,1.0324,1.61929,0.1384
2010-02-01,27.812,0.95008,58.085,1.0143,15.69065,5.6496,19.7075,1.4673,1.6748,13.79338,0.5407,1.18696,0.0925,8.275,31.3515,18.1045,0.7475,36.543,0.0355,14.7395,0.7585,3.231,70.667,1.0715,1.0708,1.07,1.64836,0.1396
2010-03-01,27.6157,0.97278,59.6739,1.0414,15.62865,5.6646,19.4596,1.4484,1.6053,13.74443,0.5454,1.17784,0.0938,8.4761,32.083,18.0078,0.7502,37.1896,0.0361,14.8839,0.7618,3.2793,69.47478,1.0668,1.066,1.0651,1.62998,0.1435
2010-04-01,27.5435,0.99014,60.85,1.0643,15.65345,5.6675,19.261,1.4339,1.639,13.76329,0.5402,1.14381,0.0959,8.7305,33.315,18.049,0.761,36.9915,0.0366,14.826,0.7736,3.3078,71.6235,1.0684,1.0673,1.0663,1.62232,0.1454
2010-05-01,28.9037,0.98357,62.3789,1.0845,16.52826,5.5331,19.0768,1.4199,1.6551,14.49117,0.5134,1.2247,0.0967,8.86,34.6726,17.9884,0.7886,35.0232,0.0371,14.6737,0.8094,3.4814,72.81789,1.1284,1.1256,1.1226,1.6675,0.1476
2010-06-01,28.7168,0.9612,62.45,1.086,16.54523,5.3431,18.5077,1.3774,1.6624,14.4841,0.4898,1.2408,0.0929,8.8618,34.5273,17.3959,0.7786,33.5718,0.0361,14.3836,0.8062,3.4726,71.41545,1.1282,1.1257,1.1226,1.65648,0.1474
2010-07-01,26.7882,0.92329,59.5455,1.0108,15.56827,5.3157,18.0727,1.3471,1.6111,13.56258,0.4746,1.20379,0.0875,8.2032,32.8914,16.7677,0.751,33.0155,0.0344,14.1723,0.7655,3.2615,68.39818,1.0549,1.0534,1.0516,1.58428,0.1397
2010-08-01,26.3864,0.93606,59.1,1.0008,15.32041,5.4115,18.0223,1.3428,1.6285,13.38039,0.4773,1.21711,0.0881,8.1559,32.96,16.92,0.743,33.6718,0.0342,14.2436,0.7668,3.2735,68.84,1.0398,1.0387,1.0375,1.57911,0.1422
2010-09-01,25.3423,0.93808,58.1955,0.968,14.86686,5.3017,17.5655,1.3085,1.5594,12.90571,0.4634,1.18768,0.0862,7.8155,32.2545,16.5173,0.7282,33.0691,0.0326,14.175,0.7503,3.2502,67.01455,1.0023,1.0014,1.0004,1.52841,0.1402
2010-10-01,24.4557,0.94989,57.5286,0.9506,14.50671,5.4825,18.0486,1.3461,1.5349,12.48176,0.4903,1.18405,0.0862,7.779,31.2252,16.5919,0.7269,34.0381,0.0319,14.5057,0.7426,3.2309,67.8781,0.9685,0.9677,0.9669,1.5197,0.1398
2010-11-01,24.7545,0.97297,57.4045,0.9711,14.80286,5.4563,18.0314,1.3445,1.5703,12.67531,0.4878,1.19287,0.087,7.9732,31.5423,16.5109,0.7587,34.0259,0.0317,14.4286,0.7571,3.2882,68.15636,0.9831,0.9822,0.9812,1.53381,0.1406
2010-12-01,24.3252,0.96191,57.1,0.9603,14.54213,5.0866,17.1809,1.2806,1.511,12.4545,0.4611,1.16296,0.0845,7.8135,30.9561,16.1804,0.7276,32.0365,0.0314,14.1265,0.741,3.2149,63.62913,0.9683,0.967,0.9656,1.48864,0.1416
2011-01-01,24.0143,0.95263,57.1048,0.9625,14.48729,5.2229,17.1448,1.2779,1.5079,12.29718,0.4637,1.15801,0.0855,7.8871,31.2486,16.32,0.7323,32.8481,0.0317,14.32,0.7431,3.1295,61.13619,0.9569,0.956,0.955,1.47892,0.1382
2011-02-01,23.6045,0.95726,56.84,0.9609,14.42415,5.3386,17.3875,1.2966,1.5327,12.19403,0.478,1.15001,0.0849,7.868,31.164,16.5475,0.7234,33.026,0.0325,14.7355,0.7437,3.0916,59.7105,0.9499,0.949,0.9481,1.48628,0.1318
2011-03-01,22.7709,0.92945,55.4217,0.9422,13.98943,5.2752,17.2688,1.2879,1.4864,11.8012,0.4751,1.12459,0.0821,7.6578,30.2852,16.4362,0.6818,32.0913,0.0324,14.4887,0.725,3.0277,58.15609,0.9197,0.919,0.9183,1.45212,0.1327
2011-04-01,22.0916,0.94921,56.5947,0.9377,13.73314,5.3391,17.3995,1.2978,1.47,11.55862,0.4885,1.07783,0.0828,7.6658,29.8195,16.6032,0.7073,32.6526,0.032,14.4521,0.7198,2.9855,58.96105,0.8987,0.8982,0.8979,1.43587,0.1335
2011-05-01,21.3732,0.93333,54.1364,0.9031,13.44005,5.1398,16.8145,1.254,1.4274,11.23478,0.4698,1.07577,0.0806,7.4955,28.9705,15.9868,0.6957,31.8227,0.0313,13.9959,0.7054,2.8873,55.44955,0.8735,0.873,0.8726,1.39647,0.1274
2011-06-01,20.5005,0.89056,52.93,0.8596,12.97168,4.9792,16.2105,1.2093,1.3617,10.79167,0.4531,1.04421,0.0778,7.113,27.732,15.4238,0.6844,30.445,0.03,13.259,0.6805,2.7503,52.3685,0.8403,0.8397,0.839,1.34591,0.1236
2011-07-01,19.9624,0.88723,52.719,0.8618,12.73148,4.8369,15.7929,1.1778,1.3289,10.58304,0.44,1.03811,0.0779,7.0648,27.5205,15.1238,0.6963,29.4919,0.0295,12.8914,0.6772,2.7362,49.7381,0.8244,0.8238,0.8228,1.31491,0.1213
2011-08-01,18.7259,0.82118,48.8727,0.7968,12.18004,4.616,15.053,1.1205,1.2787,10.01272,0.4112,1.01362,0.0726,6.3727,26.1359,14.38,0.6531,27.1709,0.0271,12.2274,0.6459,2.6103,44.45545,0.7812,0.7787,0.7765,1.2539,0.1104
2011-09-01,20.7445,0.89279,50.2136,0.8711,13.6765,4.8921,16.1305,1.201,1.3768,11.19166,0.4221,1.13615,0.0776,6.6973,28.3127,15.5459,0.7093,27.7077,0.0284,13.1473,0.6976,2.8655,48.54682,0.8723,0.8698,0.8671,1.38183,0.1157
2011-10-01,21.2586,0.90863,50.4905,0.8787,14.1059,4.954,16.519,1.2298,1.4125,11.53832,0.4145,1.17077,0.0779,6.6795,28.601,15.861,0.7082,28.2424,0.0287,13.4905,0.7026,2.9057,49.04048,0.8975,0.8957,0.8934,1.40992,0.1127
2011-11-01,21.3164,0.91646,50.8182,0.885,14.31805,4.837,16.55,1.2315,1.4347,11.66954,0.3978,1.17221,0.08,6.6336,28.7755,15.8136,0.6997,27.7877,0.0294,13.4741,0.7042,2.9326,50.08545,0.9082,0.9064,0.9039,1.41984,0.1113
2011-12-01,21.7277,0.94351,50.6455,0.9106,14.74923,4.8108,16.5109,1.2276,1.4538,11.97649,0.4033,1.19705,0.0811,6.775,29.4782,15.8318,0.7178,27.4273,0.0296,13.6068,0.719,2.9864,49.79545,0.9316,0.9296,0.9272,1.4403,0.1138
2012-01-01,21.7086,0.97551,52.25,0.9255,14.85805,4.7449,16.2882,1.2111,1.4549,12.07806,0.3944,1.21897,0.082,6.9891,30.1286,15.7677,0.7502,27.6691,0.0299,13.6855,0.7327,2.9715,50.88273,0.9378,0.9363,0.9343,1.43957,0.1169
2012-02-01,20.9843,0.97884,53.0381,0.9146,14.4751,4.8216,16.2386,1.2072,1.4416,11.7613,0.4156,1.16283,0.0812,7.1414,30.1738,15.9667,0.7614,28.8562,0.0306,13.6833,0.7274,2.9688,51.88714,0.9119,0.9107,0.9091,1.41367,0.1191
2012-03-01,20.9691,0.96213,51.0273,0.9189,14.47168,4.8862,16.2218,1.2063,1.4448,11.76516,0.413,1.10781,0.081,7.1677,29.9705,16.02,0.749,29.1541,0.0311,13.5723,0.7252,2.9725,51.02818,0.9133,0.9123,0.9109,1.40752,0.1201
2012-04-01,20.7833,0.94472,49.3476,0.9198,14.50357,4.8486,16.159,1.2022,1.4621,11.76894,0.4073,1.12293,0.0804,7.0024,29.8362,15.88,0.747,28.7852,0.031,13.5681,0.7299,2.9576,51.0819,0.9136,0.9123,0.9107,1.4091,0.1166
2012-05-01,21.0761,0.93568,47.3652,0.9291,14.89626,4.7501,16.1583,1.2012,1.4929,12.07814,0.4097,1.17584,0.081,6.8943,30.2352,15.8643,0.7263,28.0148,0.0304,13.3557,0.7431,2.9937,51.86522,0.9377,0.9362,0.9341,1.43577,0.1151
2012-06-01,21.3214,0.95587,46.7,0.9321,15.16219,4.6852,16.1595,1.201,1.4891,12.35168,0.4091,1.20935,0.0823,6.8795,30.1181,15.9214,0.747,27.9157,0.0291,13.5276,0.7494,3.0266,52.55286,0.9584,0.9562,0.9533,1.45225,0.1141
2012-07-01,21.4645,1.00539,48.1591,0.9627,15.45427,4.7179,16.1455,1.201,1.5219,12.59132,0.4195,1.23686,0.0855,7.31,30.8345,16.1027,0.7794,28.68,0.03,14.0441,0.7743,3.0849,53.86818,0.9766,0.9743,0.9714,1.47303,0.1184
2012-08-01,21.0252,1.01447,47.6957,0.975,15.27122,4.8003,16.1304,1.2011,1.5213,12.48677,0.431,1.23109,0.0856,7.3439,31.0661,16.3891,0.7848,29.347,0.0303,14.4961,0.7758,3.0806,53.88391,0.9685,0.9665,0.9639,1.46491,0.1171
2012-09-01,20.143,0.97722,46.355,0.9608,14.8212,4.8851,16.219,1.2089,1.5148,12.12798,0.4256,1.20312,0.0837,7.264,30.523,16.344,0.769,29.2355,0.0299,14.2185,0.7633,3.0337,52.1515,0.9405,0.9391,0.9374,1.44528,0.1135
2012-10-01,19.7374,0.96067,45.9174,0.9459,14.75313,4.8507,16.2217,1.2098,1.5002,12.03354,0.4291,1.1816,0.0843,7.2413,30.5248,16.3361,0.765,29.4457,0.03,14.0517,0.762,3.0387,51.73,0.9328,0.9314,0.9298,1.43632,0.1079
2012-11-01,19.5841,0.97738,45.5,0.9423,14.91582,4.7546,16.1568,1.2052,1.4997,12.11781,0.427,1.1601,0.0863,7.1873,30.7073,16.4164,0.7697,29.1591,0.0299,13.9986,0.7677,3.0577,52.36,0.9392,0.9378,0.9362,1.43676,0.1067
2012-12-01,18.8814,0.96398,44.2714,0.9309,14.64124,4.7975,16.2062,1.2091,1.4877,11.88997,0.4223,1.10085,0.0856,7.1629,30.1462,16.4224,0.7656,29.52,0.03,13.9743,0.7549,3.007,51.55095,0.9216,0.92,0.9182,1.41973,0.1067
2013-01-01,18.677,0.97002,45.4609,0.9318,14.70635,4.8106,16.4561,1.228,1.4768,11.91839,0.4183,1.03952,0.0866,7.2761,30.3561,16.6422,0.7734,29.6748,0.0306,14.2378,0.7524,3.0718,52.14739,0.9241,0.923,0.9216,1.41937,0.1053
2013-02-01,18.373,0.94904,46.565,0.9124,14.6638,4.8282,16.4835,1.2298,1.4248,11.86465,0.4201,0.98851,0.0846,7.237,29.681,16.5575,0.7719,29.4755,0.0305,14.4525,0.743,3.0849,51.7865,0.9202,0.9192,0.9181,1.40551,0.1034
2013-03-01,18.601,0.97811,47.6333,0.9232,15.08571,4.7802,16.449,1.2264,1.427,12.19293,0.4047,0.99828,0.0857,7.5629,30.4143,16.3814,0.7834,29.5119,0.0307,14.6938,0.759,3.2053,52.27762,0.946,0.9449,0.9436,1.42248,0.1029
2013-04-01,18.2045,0.97392,46.7773,0.9204,14.99827,4.7199,16.3614,1.2198,1.4347,12.07996,0.4081,0.9596,0.0836,7.68,30.755,16.1736,0.7947,29.4618,0.0299,14.4532,0.7575,3.2227,52.15591,0.9377,0.9367,0.9354,1.40844,0.1029
2013-05-01,18.2396,0.94584,46.9391,0.9358,15.42609,4.7912,16.6452,1.2406,1.4611,12.30295,0.4239,0.94755,0.0858,7.7709,31.6087,16.3978,0.7875,29.6791,0.0305,14.4665,0.7649,3.2076,52.30783,0.955,0.9541,0.9529,1.43303,0.1022
2013-06-01,17.5165,0.88095,43.03,0.9061,15.1227,4.7894,16.527,1.2326,1.4463,12.03865,0.4168,0.95879,0.0823,7.223,29.707,15.932,0.7384,28.784,0.0289,14.208,0.7415,3.0308,49.2425,0.9343,0.9334,0.9323,1.41425,0.0932
2013-07-01,17.39,0.86651,42.0217,0.908,15.31109,4.7661,16.5796,1.2364,1.435,12.18619,0.4193,0.94857,0.0839,7.4152,29.6017,15.6865,0.7457,28.9122,0.0289,14.2813,0.7452,3.0369,48.92739,0.9452,0.9444,0.9433,1.42016,0.0953
2013-08-01,16.6145,0.83677,39.5909,0.8904,15.0055,4.7779,16.5382,1.2334,1.4354,11.94533,0.4119,0.94646,0.083,7.1791,28.2518,15.5386,0.7333,29.1668,0.0281,14.1791,0.728,2.9311,47.265,0.9264,0.9257,0.9247,1.40775,0.092
2013-09-01,16.1238,0.85774,40.6476,0.8923,14.99871,4.7841,16.5424,1.2338,1.4653,11.91932,0.4117,0.93145,0.0852,7.0724,28.4295,15.4805,0.7518,29.1286,0.0283,14.2229,0.7315,2.915,45.79286,0.9244,0.9237,0.9228,1.40718,0.0926
2013-10-01,15.4478,0.85901,41.2087,0.8711,14.70383,4.7976,16.5083,1.2314,1.4533,11.6418,0.4176,0.92307,0.0846,6.9391,28.4143,15.1526,0.7529,29.3813,0.0281,14.0739,0.7257,2.8917,45.42,0.9027,0.9019,0.9011,1.38984,0.091
2013-11-01,15.1938,0.85132,39.7667,0.8707,14.877,4.5876,16.5162,1.2319,1.4693,11.77358,0.4138,0.91271,0.0858,6.9829,28.5162,14.9957,0.7542,29.4033,0.0279,13.8624,0.7315,2.8838,45.08762,0.9128,0.9121,0.9113,1.39777,0.0895
2013-12-01,14.1386,0.80291,37.95,0.8404,14.60436,4.4528,16.4168,1.2249,1.4656,11.53211,0.4086,0.8639,0.0846,6.8764,27.4809,14.555,0.7349,29.3395,0.0272,13.6627,0.71,2.7599,43.34682,0.8942,0.8934,0.8926,1.37516,0.0862
2014-01-01,12.9522,0.7999,37.9565,0.8269,14.80174,4.4824,16.5017,1.2312,1.4884,11.64653,0.4077,0.86826,0.0846,6.84,27.3361,14.6557,0.7473,29.463,0.0268,13.9222,0.7098,2.7431,40.68957,0.9035,0.9028,0.9021,1.38738,0.0831
2014-02-01,11.3795,0.80233,37.51,0.8092,14.6223,4.45,16.367,1.2213,1.4801,11.52652,0.394,0.8764,0.0835,6.728,27.0265,14.607,0.7418,29.2505,0.0254,13.7675,0.7062,2.7406,40.4325,0.8942,0.8935,0.8927,1.37723,0.0815
2014-03-01,11.121,0.80025,37.8143,0.7932,14.34595,4.4452,16.3138,1.2178,1.4646,11.35247,0.3909,0.8611,0.0822,6.6729,26.8352,14.6824,0.7519,28.9871,0.0244,13.7319,0.6952,2.7199,39.73429,0.8811,0.8804,0.8796,1.36361,0.0819
2014-04-01,11.0277,0.82247,39.4955,0.8027,14.34323,4.4403,16.3277,1.2191,1.4779,11.38129,0.3968,0.8607,0.0846,6.7559,27.1009,14.7691,0.7597,29.1305,0.0247,13.4836,0.7031,2.7301,41.46682,0.8826,0.8819,0.8811,1.366,0.0837
2014-05-01,11.0486,0.82653,39.9727,0.8153,14.42173,4.4474,16.3505,1.2204,1.4964,11.45411,0.4008,0.87245,0.0866,6.8645,27.4859,14.9541,0.7643,29.1945,0.0255,13.5195,0.7094,2.73,42.44273,0.888,0.8873,0.8863,1.3738,0.0853
2014-06-01,11.0286,0.8392,40.0762,0.827,14.55052,4.4362,16.33,1.2181,1.5147,11.55842,0.3982,0.87791,0.0879,6.8995,27.8248,14.83,0.7725,29.4529,0.026,13.4038,0.7159,2.7553,42.28143,0.896,0.8952,0.8943,1.38108,0.0839
2014-07-01,10.9978,0.84218,40.3652,0.8361,14.58257,4.4244,16.2939,1.215,1.5316,11.57258,0.3922,0.88186,0.0878,6.9109,28.173,14.4757,0.7795,29.3126,0.0258,13.1583,0.7217,2.7932,42.32609,0.8969,0.8962,0.8953,1.38302,0.0841
2014-08-01,10.9538,0.84672,40.1048,0.8327,14.76962,4.3579,16.2548,1.2119,1.5201,11.73871,0.3862,0.88371,0.0888,6.92,28.6295,14.6819,0.7675,28.9138,0.0252,13.189,0.7288,2.8419,42.09143,0.9098,0.9091,0.9082,1.38875,0.0853
2014-09-01,11.1127,0.84705,40.2182,0.8501,15.21673,4.3754,16.2218,1.2077,1.5254,12.06497,0.3856,0.87239,0.0903,7.0705,29.0664,14.7595,0.7618,28.8173,0.0246,13.1327,0.7406,2.9052,42.30545,0.9354,0.9345,0.9332,1.40389,0.0852
2014-10-01,11.2296,0.83638,38.9043,0.8494,15.50278,4.3777,16.2222,1.2078,1.5308,12.27818,0.3924,0.88157,0.0897,7.073,29.1257,14.5361,0.7504,28.7165,0.0233,13.1578,0.7473,2.9337,42.23696,0.9526,0.9517,0.9507,1.4168,0.0861
2014-11-01,11.3295,0.83351,37.89,0.8508,15.6972,4.3451,16.16,1.2026,1.5219,12.43904,0.3919,0.82948,0.0878,7.088,28.7995,14.158,0.755,28.5465,0.0209,13.016,0.7437,2.9394,43.1265,0.9646,0.9635,0.9622,1.41502,0.0869
2014-12-01,11.4187,0.80502,36.9304,0.846,15.95091,4.3498,16.1609,1.2024,1.5256,12.5837,0.3865,0.8171,0.0885,6.7287,28.0352,13.3726,0.7575,28.4648,0.0174,12.7835,0.7418,2.9638,42.55565,0.9759,0.9743,0.9726,1.4206,0.0849
2015-01-01,11.0173,0.75979,35.7409,0.7857,15.41714,3.9589,14.8409,1.0983,1.4241,12.20181,0.3468,0.79378,0.0869,6.3832,26.2382,12.3145,0.7197,25.775,0.0147,11.7118,0.7081,2.8821,40.67091,0.9422,0.9391,0.9359,1.33766,0.0813
2015-02-01,10.773,0.72853,33.285,0.7477,15.25755,3.8464,14.2605,1.0623,1.4328,12.05854,0.3461,0.78817,0.0849,6.274,25.978,12.3235,0.6966,25.4235,0.0146,11.1955,0.69,2.8701,37.986,0.9353,0.9312,0.9269,1.32237,0.0808
2015-03-01,11.1595,0.75735,31.3045,0.7769,15.93818,3.8741,14.2232,1.0609,1.4679,12.62967,0.3498,0.81381,0.0879,6.4364,26.6036,12.2782,0.7312,25.7023,0.0163,11.485,0.7114,3.0008,37.82545,0.9798,0.9762,0.9721,1.35732,0.0812
2015-04-01,10.8527,0.74287,31.5273,0.7781,15.65341,3.7829,13.9055,1.0382,1.4362,12.41342,0.3466,0.80464,0.0885,6.3227,26.4759,12.1745,0.7291,25.785,0.0182,11.1318,0.7128,2.9572,36.2,0.9621,0.9585,0.9543,1.33114,0.0801
2015-05-01,10.4057,0.73516,30.5333,0.7656,15.25,3.7937,13.9376,1.0398,1.4401,12.01701,0.3396,0.77161,0.0852,6.1048,25.8543,12.3586,0.6884,25.4862,0.0184,11.1805,0.6981,2.7784,35.2119,0.9316,0.9282,0.9243,1.30624,0.0778
2015-06-01,10.2968,0.71895,29.9091,0.754,15.23964,3.8244,14.005,1.0448,1.4495,12.01814,0.3348,0.75341,0.0837,6.0218,24.9195,11.9291,0.6511,25.105,0.0171,11.2655,0.6924,2.7615,34.42682,0.9319,0.9287,0.9247,1.30946,0.0756
2015-07-01,10.4217,0.70652,29.6652,0.7423,15.60343,3.8698,14.0552,1.0488,1.4828,12.2932,0.3368,0.77238,0.0831,5.9804,25.0617,11.7348,0.6338,25.2443,0.0166,11.1783,0.7,2.7744,35.28913,0.953,0.9498,0.9459,1.33193,0.0765
2015-08-01,10.47,0.7061,27.6476,0.7364,15.3691,3.9865,14.4452,1.0782,1.5102,12.48798,0.3461,0.78583,0.082,5.8543,23.8567,11.7362,0.6339,25.701,0.0147,11.3314,0.6923,2.7323,33.95381,0.9681,0.965,0.9612,1.3574,0.075
2015-09-01,10.3759,0.68602,25.0091,0.7328,15.26914,4.0299,14.6345,1.0918,1.4918,12.5369,0.3488,0.80906,0.0819,5.7732,22.58,11.7273,0.6153,25.8818,0.0146,11.6186,0.6868,2.6972,32.21773,0.9716,0.9683,0.9645,1.36698,0.0713
2015-10-01,10.2259,0.69806,24.9364,0.7408,15.25045,4.0125,14.5818,1.0879,1.4847,12.49221,0.3497,0.80682,0.0845,5.8395,22.7564,11.7127,0.6477,25.605,0.0153,11.6423,0.6912,2.7125,33.06727,0.9681,0.9648,0.9611,1.3626,0.0717
2015-11-01,10.4914,0.72153,26.6571,0.7602,15.86776,4.0042,14.5176,1.083,1.5332,13.01549,0.3469,0.82297,0.0873,6.0667,23.3876,11.689,0.6619,25.4848,0.0155,11.6286,0.7135,2.8173,35.08238,1.0087,1.0043,0.9995,1.39232,0.0714
2015-12-01,9.11,0.72187,25.6957,0.7271,15.425,4.0066,14.517,1.083,1.4925,12.8466,0.3447,0.81812,0.0848,5.8465,23.2522,11.4609,0.6718,25.2574,0.0142,11.7196,0.7068,2.7637,34.09435,0.9958,0.9914,0.9867,1.37987,0.0665
2016-01-01,7.4229,0.70618,24.8238,0.7076,15.38371,4.0412,14.6357,1.0932,1.4501,12.92541,0.3477,0.85025,0.0836,5.6005,23.1757,11.3819,0.6576,24.82,0.0131,11.7752,0.7019,2.7811,33.43619,1.0054,1.0014,0.9967,1.39155,0.0616
2016-02-01,6.7633,0.70807,25.0333,0.7189,15.18605,4.0749,14.7648,1.1018,1.4214,12.76198,0.3554,0.86551,0.0816,5.3862,23.7424,11.5319,0.6585,25.0557,0.0129,11.7205,0.7067,2.7884,33.7281,0.993,0.9889,0.984,1.38486,0.063
2016-03-01,6.5774,0.7364,26.5296,0.7424,15.07735,4.0364,14.6457,1.0921,1.3975,12.66932,0.351,0.87058,0.083,5.5696,24.1552,11.577,0.6616,25.4478,0.014,11.7652,0.7156,2.7905,34.03913,0.9833,0.9792,0.9745,1.37141,0.0637
2016-04-01,6.6895,0.73899,27.1,0.7509,14.87981,4.0435,14.6867,1.0931,1.379,12.42746,0.3509,0.87581,0.084,5.5124,24.7124,11.7281,0.6643,25.3724,0.0145,11.8748,0.714,2.747,33.97571,0.964,0.9602,0.9557,1.35843,0.0659
2016-05-01,6.9145,0.71507,27.6864,0.7557,14.98445,4.0896,14.8595,1.1054,1.42,12.58771,0.3515,0.89737,0.0831,5.3923,24.1495,11.8741,0.6646,25.0895,0.0149,11.8982,0.7135,2.7585,33.26864,0.9772,0.9731,0.9685,1.37899,0.0638
2016-06-01,6.88,0.71772,28.2682,0.7523,14.72073,4.0285,14.6586,1.0901,1.38,12.4978,0.3473,0.9202,0.083,5.2005,23.7664,11.6777,0.6821,24.7786,0.0149,11.6823,0.7162,2.7483,33.26,0.97,0.9653,0.9602,1.36554,0.0643
2016-07-01,6.5967,0.7395,29.9476,0.7534,14.70981,4.0186,14.6067,1.0867,1.2917,12.66086,0.3456,0.94376,0.0859,5.2857,24.4262,11.5976,0.7005,24.7048,0.0153,11.4705,0.7269,2.8011,33.15381,0.9821,0.977,0.9716,1.36521,0.0681
2016-08-01,6.54,0.74053,30.2304,0.7468,14.61139,4.0241,14.617,1.0876,1.2728,12.512,0.3505,0.95842,0.0873,5.2478,24.093,11.6826,0.7022,25.2743,0.0149,11.4596,0.7202,2.7952,32.75435,0.9703,0.9652,0.9597,1.3581,0.0706
2016-09-01,6.4541,0.73961,29.9727,0.7444,14.59509,4.0416,14.6659,1.0922,1.282,12.561,0.3538,0.95602,0.0878,5.0873,23.6859,11.8741,0.7125,25.2668,0.0151,11.4168,0.7163,2.8045,32.82455,0.9743,0.9694,0.9639,1.36242,0.0694
2016-10-01,6.4962,0.75175,30.9381,0.7453,14.6759,4.0273,14.6267,1.0883,1.2185,12.72032,0.3546,0.95084,0.0876,5.2214,23.6319,12.0867,0.7063,25.2629,0.0158,11.2214,0.7131,2.8133,32.0719,0.9867,0.9814,0.976,1.36293,0.0708
2016-11-01,6.4991,0.75085,29.7818,0.7406,14.57818,3.979,14.46,1.0759,1.2374,12.84192,0.3485,0.92071,0.0855,4.9618,22.9545,11.8477,0.7123,24.5223,0.0155,10.925,0.7061,2.8175,30.32591,0.9958,0.9902,0.9845,1.35839,0.0715
2016-12-01,6.4318,0.74822,30.3318,0.7636,14.73886,3.9785,14.4627,1.0754,1.2719,13.13666,0.3446,0.87818,0.086,4.9682,22.8141,11.9077,0.7173,24.2427,0.0165,11.0741,0.7098,2.8466,29.14318,1.0193,1.0133,1.0073,1.37346,0.0735
2017-01-01,6.3405,0.75088,31.4955,0.7633,14.63364,3.9643,14.4077,1.0713,1.2439,13.00397,0.3467,0.87646,0.0853,4.7205,22.6195,11.9,0.7174,24.5173,0.0169,11.2655,0.7055,2.8432,26.87773,1.0086,1.0031,0.9971,1.36253,0.0743
2017-02-01,6.4225,0.76768,32.255,0.7646,14.5826,3.9447,14.337,1.0659,1.2509,12.91038,0.3456,0.88628,0.0876,4.9305,22.538,12.027,0.7235,24.7345,0.0172,11.2525,0.708,2.8608,27.314,1.0017,0.9965,0.9904,1.35773,0.0759
2017-03-01,6.4487,0.76364,32.0435,0.7486,14.538,3.9619,14.3996,1.0706,1.2365,12.90316,0.3457,0.88704,0.0883,5.187,22.5774,11.7843,0.7018,24.9613,0.0173,11.2365,0.713,2.8721,27.29739,1.0021,0.9965,0.9904,1.35761,0.0776
2017-04-01,6.5255,0.75416,31.915,0.7457,14.53885,3.9959,14.4175,1.0723,1.2637,12.87353,0.3442,0.90895,0.0882,5.3395,22.7155,11.67,0.6978,25.2885,0.0177,11.178,0.7157,2.904,27.386,1.0008,0.9952,0.989,1.36224,0.0743
2017-05-01,6.2935,0.73357,30.8087,0.7252,14.3327,4.0955,14.6474,1.0897,1.2754,12.67364,0.3515,0.87907,0.0875,5.2557,22.8543,11.6,0.685,25.9274,0.0173,11.2309,0.7073,2.862,27.64174,0.9867,0.981,0.9749,1.35687,0.0743
2017-06-01,6.0136,0.73176,29.4045,0.7277,14.23155,4.1401,14.6214,1.0875,1.239,12.41427,0.3528,0.87316,0.0855,5.3373,22.6286,11.4491,0.6996,25.83,0.0167,11.1491,0.6997,2.8469,27.50091,0.9682,0.9625,0.9565,1.34021,0.0751
2017-07-01,5.6062,0.74848,29.9333,0.7549,14.19876,4.2377,14.8648,1.1054,1.2475,12.30242,0.3604,0.85384,0.0847,5.3838,22.3895,11.7576,0.7061,26.091,0.0161,11.53,0.7001,2.8464,26.95095,0.9607,0.955,0.9489,1.34163,0.0731
2017-08-01,5.5348,0.76367,30.5957,0.7652,14.46622,4.3639,15.3209,1.1396,1.2513,12.33549,0.3746,0.87818,0.0852,5.4161,22.5191,12.2257,0.7048,26.7117,0.0162,11.9322,0.7088,2.9003,27.4787,0.9648,0.9591,0.9529,1.36224,0.0729
2017-09-01,5.5829,0.76699,30.7048,0.7829,14.66752,4.397,15.4152,1.1468,1.2797,12.31497,0.3719,0.86942,0.0849,5.3952,22.8286,12.2876,0.6979,26.8505,0.0167,12.03,0.7127,2.9028,27.69762,0.9622,0.9565,0.9503,1.36736,0.0732
2017-10-01,5.6318,0.76435,30.7727,0.78,14.83391,4.4774,15.5086,1.1542,1.2958,12.57775,0.3724,0.86936,0.0866,5.2218,23.2091,12.2791,0.6913,27.0591,0.017,12.0068,0.7217,2.9542,26.69818,0.9817,0.9754,0.9691,1.38425,0.0717
2017-11-01,5.6691,0.7561,30.3909,0.7769,14.97659,4.5577,15.6468,1.1643,1.3116,12.71043,0.3734,0.87919,0.09,5.2377,23.795,12.1209,0.6832,27.5364,0.0168,11.8264,0.7316,3.0144,25.49182,0.9919,0.985,0.9784,1.39838,0.0704
2017-12-01,5.5971,0.75532,29.9429,0.7726,14.97162,4.5523,15.6962,1.169,1.3237,12.62995,0.3736,0.87375,0.091,5.1543,24.1952,11.8662,0.688,27.7971,0.0169,11.7629,0.7329,3.0227,25.67524,0.9869,0.9794,0.9723,1.39717,0.0753
2018-01-01,5.0659,0.76443,29.8435,0.7726,14.92335,4.6051,15.7459,1.1725,1.3268,12.30219,0.3795,0.86685,0.0901,5.0826,24.3036,12.1523,0.6978,28.1536,0.017,11.9317,0.7273,3.0139,25.47364,0.9616,0.9551,0.948,1.38253,0.0789
2018-02-01,4.713,0.73606,28.74,0.7437,14.78685,4.5593,15.5045,1.1544,1.3068,11.94241,0.3705,0.86558,0.0866,5.0135,23.867,11.9325,0.6833,27.708,0.0165,11.6225,0.7081,2.967,24.687,0.9341,0.9272,0.9198,1.35705,0.0791
2018-03-01,4.6832,0.73466,28.9,0.7326,14.99727,4.5944,15.6818,1.1682,1.3229,12.07861,0.3742,0.89338,0.0883,5.0882,24.2591,12.1809,0.6871,27.7477,0.0166,11.4909,0.7202,3.0281,24.32727,0.9471,0.9396,0.9318,1.37563,0.0799
2018-04-01,1.1675,0.74355,28.46353,0.75949,15.37064,4.68582,15.9527,1.18815,1.36177,12.32817,0.38124,0.89948,0.09057,5.26641,24.89409,12.34118,0.70108,28.32322,0.01592,11.45645,0.73544,3.09016,23.8008,0.96756,0.9598,0.9517,1.40388,0.08
2018-05-01,0.04281,0.75066,27.52074,0.77479,15.63992,4.59836,15.82485,1.17862,1.34237,12.70108,0.37214,0.90923,0.09259,5.10817,25.16152,12.30857,0.69306,27.50724,0.01599,11.38375,0.74462,3.11916,22.49651,0.99689,0.9892,0.9808,1.42031,0.07959
2018-06-01,0.03744,0.74179,26.20636,0.75408,15.30532,4.48094,15.51209,1.15552,1.31505,12.61,0.35812,0.89954,0.09047,4.86494,24.74653,12.19559,0.68706,26.84383,0.01576,11.24077,0.73432,3.04672,21.30499,0.98954,0.9816,0.9733,1.39998,0.07443
2018-07-01,0.03597,0.73598,25.98102,0.75667,14.80734,4.49362,15.59219,1.16196,1.31,12.67386,0.35779,0.89219,0.08857,5.22112,24.55318,12.2288,0.67503,26.83988,0.01583,11.27253,0.72964,2.98785,20.86484,0.99462,0.9868,0.978,1.39773,0.07412
2018-08-01,0.03343,0.72383,25.22432,0.758,14.42599,4.43934,15.29694,1.14049,1.27171,12.59374,0.35306,0.8905,0.08814,5.24331,24.14593,11.85617,0.65856,26.59927,0.01488,10.8971,0.72194,2.99291,16.73794,0.98857,0.9808,0.972,1.37825,0.07013
2018-09-01,0.02522,0.69717,23.56711,0.74217,14.11727,4.40765,15.13567,1.12882,1.26337,12.34888,0.3475,0.86454,0.08642,5.08626,23.37661,11.7262,0.63857,26.24427,0.01431,10.80495,0.7059,2.96879,15.26578,0.9679,0.96,0.9512,1.35551,0.06559
2018-10-01,0.02668,0.7058,26.31704,0.76391,14.35271,4.41849,15.29852,1.14121,1.29296,12.67509,0.35232,0.8807,0.08775,5.18804,23.88884,12.03523,0.64876,26.50748,0.01509,10.99274,0.72007,3.03043,17.03515,0.99346,0.9843,0.9755,1.38243,0.06853
2018-11-01,0.02753,0.72545,26.4802,0.7587,14.4246,4.38578,15.24531,1.13746,1.29055,12.78563,0.35286,0.88351,0.08879,4.9477,23.91752,11.81303,0.67794,26.4335,0.01507,11.04743,0.7278,3.03651,18.65889,1.00105,0.9915,0.9826,1.38595,0.07098
2018-12-01,0.02621,0.71304,25.53979,0.7395,14.41024,4.37203,15.13215,1.12961,1.25792,12.68946,0.35003,0.88342,0.08844,4.9318,23.79429,11.5257,0.67766,26.32943,0.01476,10.99179,0.7243,3.03376,18.64053,0.99231,0.983,0.9741,1.37306,0.06985
2019-01-01,0.02643,0.70746,26.46126,0.74409,14.58121,4.40536,15.13067,1.12959,1.27585,12.61306,0.35315,0.90838,0.08818,5.15858,24.03215,11.57456,0.6705,26.30421,0.01482,10.9987,0.7294,3.1117,18.40345,0.9892,0.98,0.9714,1.37927,0.07148
2019-02-01,0.02616,0.71491,26.9361,0.75827,14.86124,4.4181,15.23041,1.1366,1.30204,12.76182,0.35734,0.90737,0.08917,5.21992,24.55299,11.66234,0.68435,26.32435,0.01521,10.82993,0.73977,3.19915,18.97608,1.00153,0.9929,0.9842,1.3939,0.07256
2019-03-01,0.02434,0.70863,26.11411,0.74903,14.90908,4.40732,15.16202,1.13145,1.31835,12.74765,0.35821,0.89986,0.08843,5.20299,24.53106,11.64094,0.68367,26.32191,0.01537,10.77495,0.73896,3.15437,18.29063,1.00062,0.992,0.9834,1.3919,0.06963
2019-04-01,0.02341,0.7159,25.84738,0.75244,14.98483,4.40673,15.1587,1.13157,1.31258,12.83025,0.35232,0.90186,0.08805,5.29991,24.47243,11.75357,0.67682,26.38761,0.01557,10.79728,0.74233,3.16023,17.4621,1.00654,0.9985,0.9899,1.39802,0.07112
2019-05-01,0.02255,0.70181,25.27666,0.75102,14.74244,4.38903,15.14356,1.13077,1.29894,12.87911,0.34777,0.91933,0.08536,5.28445,24.23625,11.56228,0.6632,26.31042,0.01557,10.52733,0.73728,3.17917,16.66652,1.01077,1.0022,0.9938,1.39681,0.07007
2019-06-01,0.02257,0.68653,25.60378,0.74361,14.33237,4.36008,14.95301,1.1165,1.25329,12.63784,0.34592,0.91527,0.08428,5.12834,23.75568,11.45662,0.65226,26.17883,0.01543,10.51128,0.72564,3.17857,17.02132,0.9889,0.9808,0.9733,1.36921,0.06787
2019-07-01,0.02328,0.68962,26.09828,0.75388,14.35722,4.3371,14.84085,1.10792,1.2315,12.64003,0.34059,0.91245,0.08389,5.17961,23.9396,11.46412,0.65978,26.00613,0.01561,10.48997,0.72547,3.20629,17.39197,0.98737,0.9791,0.9708,1.36457,0.07028
2019-08-01,0.01909,0.66226,24.34499,0.7375,13.84419,4.22089,14.60216,1.08933,1.1889,12.48356,0.33325,0.92194,0.08078,4.96763,23.36141,10.9152,0.62871,25.04583,0.01487,10.14683,0.70644,3.18281,17.31693,0.97886,0.9716,0.9635,1.34496,0.06449
2019-09-01,0.01749,0.67432,24.03376,0.74765,13.91616,4.21641,14.61206,1.09055,1.22218,12.64053,0.32808,0.9221,0.08286,5.05672,23.66584,10.98585,0.62836,25.04754,0.01525,10.19374,0.71773,3.2406,17.33105,0.9905,0.9827,0.9749,1.35562,0.06672
2019-10-01,0.01703,0.67492,24.28246,0.75311,14.00003,4.27289,14.69907,1.0979,1.25433,12.67011,0.3311,0.91897,0.08393,5.13768,23.72637,10.85341,0.62917,25.51566,0.01544,10.16586,0.72468,3.27296,17.15,0.99361,0.986,0.9795,1.36302,0.06663
2019-11-01,0.01664,0.67832,23.93489,0.7502,14.14842,4.29952,14.6921,1.09778,1.27973,12.68511,0.32911,0.91219,0.08499,5.1454,23.89206,10.85294,0.63591,25.61498,0.01555,10.30513,0.72933,3.28394,17.2959,0.99306,0.986,0.9797,1.36574,0.06713
2019-12-01,0.01644,0.67644,23.89135,0.74641,14.01753,4.2871,14.62927,1.09305,1.29006,12.59991,0.33039,0.90135,0.08367,5.13994,23.70972,10.8823,0.64797,25.58311,0.01562,10.42864,0.72472,3.25624,16.82328,0.98355,0.9765,0.9702,1.35506,0.06816
2020-01-01,0.01619,0.66473,23.40454,0.74131,14.03277,4.26998,14.40388,1.07638,1.26692,12.48193,0.32182,0.8875,0.0831,5.15905,23.79051,10.82823,0.64036,25.32432,0.01567,10.19394,0.71778,3.18409,16.3683,0.97017,0.9636,0.9575,1.3379,0.06725
2020-02-01,0.01594,0.65098,22.48709,0.73484,13.94961,4.24988,14.2549,1.06504,1.26605,12.55417,0.3156,0.8872,0.08167,5.18102,23.45052,10.50356,0.62403,24.89281,0.01522,10.07556,0.70233,3.11646,16.08833,0.97608,0.97,0.9642,1.33672,0.06496
2020-03-01,0.01518,0.5969,19.72251,0.68807,13.63297,3.99434,14.1761,1.05902,1.18516,12.32581,0.30692,0.89067,0.07844,4.32082,22.2707,9.41136,0.58,23.87084,0.01293,9.75557,0.67567,2.98049,15.1078,0.95701,0.9517,0.948,1.31438,0.05761
2020-04-01,0.01482,0.611,18.24955,0.6902,13.72071,3.86821,14.13143,1.05442,1.20439,12.52634,0.29594,0.9012,0.07931,3.99807,22.29309,9.29542,0.58247,23.21129,0.01291,9.68887,0.68165,2.97611,14.13949,0.97097,0.9674,0.9642,1.32292,0.05223
2020-05-01,0.01436,0.63215,17.22675,0.69451,13.65617,3.87334,14.16988,1.05675,1.19284,12.52201,0.30103,0.9057,0.07896,4.13087,22.35367,9.59359,0.59049,23.33323,0.01332,9.96007,0.68419,3.02612,13.98901,0.97072,0.9675,0.9647,1.32194,0.05347
2020-06-01,0.01369,0.65658,18.38785,0.70219,13.42799,4.02055,14.37663,1.07173,1.19224,12.2714,0.30837,0.88405,0.07878,4.27307,22.25367,9.99728,0.61351,24.11807,0.01374,10.22319,0.68276,3.05446,13.94022,0.95106,0.9487,0.9459,1.31299,0.05563
2020-07-01,0.0131,0.65658,17.65137,0.69181,13.33015,4.03661,14.37678,1.07056,1.18276,12.05816,0.30497,0.87546,0.07796,4.16641,21.91446,10.0433,0.6151,24.05507,0.01308,10.33778,0.67334,2.97486,13.59488,0.93462,0.9321,0.9291,1.2986,0.05573
2020-08-01,0.01243,0.65493,16.71485,0.68753,13.1368,4.11513,14.46122,1.07678,1.19565,11.74249,0.30854,0.85861,0.07671,4.09887,21.73602,10.16996,0.6003,24.46304,0.01233,10.44616,0.66465,2.91617,12.49916,0.91007,0.9077,0.905,1.28496,0.05277
2020-09-01,0.01217,0.66159,16.95348,0.69199,13.42445,4.03623,14.49105,1.07837,1.1861,11.79802,0.29919,0.86616,0.07767,4.22318,22.03616,10.01625,0.61025,24.11155,0.01204,10.34543,0.66964,2.91539,12.10543,0.91437,0.9118,0.9091,1.29238,0.05467
2020-10-01,0.01179,0.65061,16.23415,0.69094,13.56803,3.94606,14.43135,1.07399,1.1849,11.77725,0.29614,0.86778,0.07978,4.28096,21.98309,9.8309,0.60583,23.64597,0.01175,10.32666,0.67142,2.92081,11.48677,0.91277,0.9101,0.9077,1.28988,0.05544
2020-11-01,0.01142,0.66258,16.70825,0.6965,13.79631,4.07133,14.47698,1.07798,1.20291,11.74932,0.29943,0.87257,0.08169,4.46131,22.15538,10.02261,0.62527,23.96187,0.01185,10.5348,0.67618,2.99025,11.41188,0.91087,0.9082,0.9058,1.29553,0.05858
2020-12-01,0.01077,0.66876,17.24938,0.69343,13.58844,4.11161,14.53502,1.08156,1.19369,11.46601,0.30116,0.8564,0.08125,4.45096,21.91408,10.20189,0.63016,24.15173,0.01198,10.62872,0.66687,2.95494,11.51838,0.88887,0.886,0.8836,1.27741,0.05962
2021-01-01,0.01033,0.68486,16.57994,0.69679,13.70628,4.12933,14.50958,1.07931,1.2092,11.43635,0.30062,0.85465,0.08068,4.4537,21.95528,10.41457,0.63784,23.8027,0.01192,10.69221,0.6687,2.95486,11.99406,0.88663,0.884,0.8817,1.27895,0.05863
2021-02-01,0.01013,0.69602,16.58829,0.70691,13.89589,4.19592,14.59703,1.08554,1.24399,11.57295,0.30307,0.8516,0.08073,4.4258,22.17867,10.56249,0.65021,24.13525,0.01207,10.76438,0.67603,2.99003,12.67175,0.89725,0.895,0.8927,1.29246,0.06081
2021-03-01,0.01021,0.71622,16.47986,0.73898,14.27819,4.22369,14.87645,1.10624,1.28826,11.96933,0.30249,0.85509,0.0822,4.4692,22.61039,10.90131,0.66308,24.05762,0.01248,10.87807,0.69227,3.01906,12.11563,0.92945,0.927,0.9246,1.3275,0.06201
2021-04-01,0.00993,0.70973,16.56554,0.73686,14.13592,4.25505,14.83537,1.10326,1.27488,11.85796,0.30578,0.84553,0.08246,4.59498,22.35603,10.98858,0.65705,24.16934,0.01211,10.85842,0.69067,2.93898,11.27475,0.92125,0.9207,0.9183,1.31872,0.06395
2021-05-01,0.0096,0.70088,17.02507,0.74392,14.0439,4.28878,14.74952,1.09679,1.27102,11.62675,0.30983,0.82732,0.08039,4.51997,21.87165,10.8777,0.65228,24.2087,0.0122,10.81189,0.67893,2.88732,10.78434,0.90282,0.9006,0.8985,1.30051,0.06419
2021-06-01,0.00954,0.69401,18.02775,0.74305,14.13304,4.29922,14.71126,1.09398,1.27357,11.69718,0.31283,0.82468,0.08092,4.53609,21.95766,10.78565,0.6457,24.30604,0.01251,10.81675,0.68088,2.8879,10.53531,0.9079,0.9057,0.9035,1.30273,0.06526
2021-07-01,0.00955,0.68158,17.8162,0.73309,14.18181,4.23432,14.59438,1.0854,1.26725,11.81348,0.30378,0.83257,0.08018,4.59495,21.84979,10.45764,0.64108,23.78405,0.01242,10.64391,0.67758,2.81308,10.66861,0.91801,0.9158,0.9132,1.30625,0.06321
2021-08-01,0.00941,0.66746,17.39887,0.72575,14.11566,4.22482,14.46858,1.07602,1.26153,11.74486,0.30582,0.83228,0.07874,4.55599,21.67136,10.32178,0.63756,23.55002,0.01243,10.53222,0.67467,2.76201,10.78453,0.91421,0.912,0.9096,1.29987,0.06186
2021-09-01,0.00939,0.67549,17.52316,0.72861,14.28441,4.27845,14.60398,1.08595,1.26734,11.85431,0.30827,0.83728,0.07867,4.60592,22.13273,10.65417,0.65154,23.77532,0.01265,10.67276,0.68449,2.79031,10.7955,0.92233,0.9202,0.9178,1.31085,0.06338
2021-10-01,0.00931,0.68326,16.70066,0.74204,14.38428,4.2023,14.40046,1.07137,1.26398,11.87079,0.29682,0.81663,0.0781,4.51115,22.18013,10.90088,0.65092,23.32327,0.01294,10.64842,0.6836,2.76053,10.04283,0.92356,0.921,0.9188,1.30324,0.06218
2021-11-01,0.00919,0.67368,16.58544,0.73375,14.4293,4.14278,14.14731,1.05217,1.24082,11.8332,0.28869,0.80879,0.0779,4.41642,22.06395,10.56299,0.64708,22.63431,0.01266,10.47546,0.67931,2.78574,8.70018,0.92184,0.9191,0.9167,1.29376,0.05941
2021-12-01,0.00904,0.65938,16.28731,0.71976,14.46188,4.12174,13.99625,1.04078,1.2259,11.80821,0.2833,0.80808,0.07778,4.40168,21.87046,10.26689,0.62512,22.5478,0.01248,10.13557,0.67564,2.74434,6.86317,0.9209,0.9183,0.9157,1.28692,0.05802
2022-01-01,0.00885,0.65982,16.58074,0.72822,14.45474,4.2518,13.97931,1.04018,1.24588,11.78955,0.29001,0.79952,0.07682,4.48265,21.9261,10.39293,0.61981,22.84826,0.01202,10.05149,0.68021,2.76562,6.77205,0.91868,0.9162,0.9132,1.28656,0.05935
2022-02-01,0.00869,0.66085,17.75218,0.7253,14.54277,4.28312,14.05885,1.04611,1.24925,11.82933,0.29317,0.80117,0.07697,4.50944,22.03235,10.39822,0.6157,22.99345,0.01183,9.92367,0.68504,2.82734,6.7559,0.92266,0.9197,0.9157,1.29276,0.0606
2022-03-01,0.00851,0.68516,18.65366,0.73428,14.65311,4.10213,13.77083,1.02458,1.22444,11.88409,0.27214,0.78397,0.07615,4.51944,22.13094,10.52065,0.63815,21.55273,0.00872,9.7168,0.68398,2.79513,6.35487,0.92967,0.926,0.9209,1.2849,0.06202
2022-04-01,0.00834,0.69682,19.92795,0.74814,14.66993,4.18104,13.73474,1.02172,1.22122,12.03787,0.27238,0.7473,0.07641,4.7026,22.09732,10.61003,0.63928,21.97446,0.01191,9.90104,0.69102,2.79307,6.41082,0.94391,0.9394,0.9331,1.2891,0.06282
2022-05-01,0.00834,0.69113,19.73513,0.76282,14.63506,4.18452,13.92306,1.03591,1.21942,12.48849,0.26978,0.76041,0.07732,4.88533,22.37555,10.21936,0.6274,22.26913,0.01523,9.87572,0.70881,2.84735,6.2913,0.98024,0.974,0.967,1.31461,0.06161
